Поставщик;Артикул;Месяц;Документ;ID клиента;Количество
Демо-поставщик А;DEMO-A101;2024-01;DEMO-A101-2024-01-1;DEMO-C001;29
Демо-поставщик А;DEMO-A101;2024-01;DEMO-A101-2024-01-2;DEMO-C002;29
Демо-поставщик А;DEMO-A101;2024-01;DEMO-A101-2024-01-3;DEMO-C003;29
Демо-поставщик А;DEMO-A101;2024-01;DEMO-A101-2024-01-4;DEMO-C004;28
Демо-поставщик А;DEMO-A101;2024-02;DEMO-A101-2024-02-1;DEMO-C001;24
Демо-поставщик А;DEMO-A101;2024-02;DEMO-A101-2024-02-2;DEMO-C002;24
Демо-поставщик А;DEMO-A101;2024-02;DEMO-A101-2024-02-3;DEMO-C003;24
Демо-поставщик А;DEMO-A101;2024-02;DEMO-A101-2024-02-4;DEMO-C004;24
Демо-поставщик А;DEMO-A101;2024-03;DEMO-A101-2024-03-1;DEMO-C001;16
Демо-поставщик А;DEMO-A101;2024-03;DEMO-A101-2024-03-2;DEMO-C002;16
Демо-поставщик А;DEMO-A101;2024-03;DEMO-A101-2024-03-3;DEMO-C003;16
Демо-поставщик А;DEMO-A101;2024-03;DEMO-A101-2024-03-4;DEMO-C004;16
Демо-поставщик А;DEMO-A101;2024-04;DEMO-A101-2024-04-1;DEMO-C001;16
Демо-поставщик А;DEMO-A101;2024-04;DEMO-A101-2024-04-2;DEMO-C002;16
Демо-поставщик А;DEMO-A101;2024-04;DEMO-A101-2024-04-3;DEMO-C003;16
Демо-поставщик А;DEMO-A101;2024-04;DEMO-A101-2024-04-4;DEMO-C004;16
Демо-поставщик А;DEMO-A101;2024-05;DEMO-A101-2024-05-1;DEMO-C001;16
Демо-поставщик А;DEMO-A101;2024-05;DEMO-A101-2024-05-2;DEMO-C002;16
Демо-поставщик А;DEMO-A101;2024-05;DEMO-A101-2024-05-3;DEMO-C003;16
Демо-поставщик А;DEMO-A101;2024-05;DEMO-A101-2024-05-4;DEMO-C004;16
Демо-поставщик А;DEMO-A101;2024-06;DEMO-A101-2024-06-1;DEMO-C001;10
Демо-поставщик А;DEMO-A101;2024-06;DEMO-A101-2024-06-2;DEMO-C002;10
Демо-поставщик А;DEMO-A101;2024-06;DEMO-A101-2024-06-3;DEMO-C003;9
Демо-поставщик А;DEMO-A101;2024-06;DEMO-A101-2024-06-4;DEMO-C004;9
Демо-поставщик А;DEMO-A101;2024-07;DEMO-A101-2024-07-1;DEMO-C001;10
Демо-поставщик А;DEMO-A101;2024-07;DEMO-A101-2024-07-2;DEMO-C002;10
Демо-поставщик А;DEMO-A101;2024-07;DEMO-A101-2024-07-3;DEMO-C003;9
Демо-поставщик А;DEMO-A101;2024-07;DEMO-A101-2024-07-4;DEMO-C004;9
Демо-поставщик А;DEMO-A101;2024-08;DEMO-A101-2024-08-1;DEMO-C001;12
Демо-поставщик А;DEMO-A101;2024-08;DEMO-A101-2024-08-2;DEMO-C002;11
Демо-поставщик А;DEMO-A101;2024-08;DEMO-A101-2024-08-3;DEMO-C003;11
Демо-поставщик А;DEMO-A101;2024-08;DEMO-A101-2024-08-4;DEMO-C004;11
Демо-поставщик А;DEMO-A101;2024-09;DEMO-A101-2024-09-1;DEMO-C001;16
Демо-поставщик А;DEMO-A101;2024-09;DEMO-A101-2024-09-2;DEMO-C002;16
Демо-поставщик А;DEMO-A101;2024-09;DEMO-A101-2024-09-3;DEMO-C003;16
Демо-поставщик А;DEMO-A101;2024-09;DEMO-A101-2024-09-4;DEMO-C004;16
Демо-поставщик А;DEMO-A101;2024-10;DEMO-A101-2024-10-1;DEMO-C001;16
Демо-поставщик А;DEMO-A101;2024-10;DEMO-A101-2024-10-2;DEMO-C002;16
Демо-поставщик А;DEMO-A101;2024-10;DEMO-A101-2024-10-3;DEMO-C003;16
Демо-поставщик А;DEMO-A101;2024-10;DEMO-A101-2024-10-4;DEMO-C004;16
Демо-поставщик А;DEMO-A101;2024-11;DEMO-A101-2024-11-1;DEMO-C001;16
Демо-поставщик А;DEMO-A101;2024-11;DEMO-A101-2024-11-2;DEMO-C002;16
Демо-поставщик А;DEMO-A101;2024-11;DEMO-A101-2024-11-3;DEMO-C003;16
Демо-поставщик А;DEMO-A101;2024-11;DEMO-A101-2024-11-4;DEMO-C004;16
Демо-поставщик А;DEMO-A101;2024-12;DEMO-A101-2024-12-1;DEMO-C001;26
Демо-поставщик А;DEMO-A101;2024-12;DEMO-A101-2024-12-2;DEMO-C002;26
Демо-поставщик А;DEMO-A101;2024-12;DEMO-A101-2024-12-3;DEMO-C003;25
Демо-поставщик А;DEMO-A101;2024-12;DEMO-A101-2024-12-4;DEMO-C004;25
Демо-поставщик А;DEMO-A101;2025-01;DEMO-A101-2025-01-1;DEMO-C001;29
Демо-поставщик А;DEMO-A101;2025-01;DEMO-A101-2025-01-2;DEMO-C002;29
Демо-поставщик А;DEMO-A101;2025-01;DEMO-A101-2025-01-3;DEMO-C003;29
Демо-поставщик А;DEMO-A101;2025-01;DEMO-A101-2025-01-4;DEMO-C004;28
Демо-поставщик А;DEMO-A101;2025-02;DEMO-A101-2025-02-1;DEMO-C001;24
Демо-поставщик А;DEMO-A101;2025-02;DEMO-A101-2025-02-2;DEMO-C002;24
Демо-поставщик А;DEMO-A101;2025-02;DEMO-A101-2025-02-3;DEMO-C003;24
Демо-поставщик А;DEMO-A101;2025-02;DEMO-A101-2025-02-4;DEMO-C004;24
Демо-поставщик А;DEMO-A101;2025-03;DEMO-A101-2025-03-1;DEMO-C001;16
Демо-поставщик А;DEMO-A101;2025-03;DEMO-A101-2025-03-2;DEMO-C002;16
Демо-поставщик А;DEMO-A101;2025-03;DEMO-A101-2025-03-3;DEMO-C003;16
Демо-поставщик А;DEMO-A101;2025-03;DEMO-A101-2025-03-4;DEMO-C004;16
Демо-поставщик А;DEMO-A101;2025-04;DEMO-A101-2025-04-1;DEMO-C001;16
Демо-поставщик А;DEMO-A101;2025-04;DEMO-A101-2025-04-2;DEMO-C002;16
Демо-поставщик А;DEMO-A101;2025-04;DEMO-A101-2025-04-3;DEMO-C003;16
Демо-поставщик А;DEMO-A101;2025-04;DEMO-A101-2025-04-4;DEMO-C004;16
Демо-поставщик А;DEMO-A101;2025-05;DEMO-A101-2025-05-1;DEMO-C001;16
Демо-поставщик А;DEMO-A101;2025-05;DEMO-A101-2025-05-2;DEMO-C002;16
Демо-поставщик А;DEMO-A101;2025-05;DEMO-A101-2025-05-3;DEMO-C003;16
Демо-поставщик А;DEMO-A101;2025-05;DEMO-A101-2025-05-4;DEMO-C004;16
Демо-поставщик А;DEMO-A101;2025-06;DEMO-A101-2025-06-1;DEMO-C001;10
Демо-поставщик А;DEMO-A101;2025-06;DEMO-A101-2025-06-2;DEMO-C002;10
Демо-поставщик А;DEMO-A101;2025-06;DEMO-A101-2025-06-3;DEMO-C003;9
Демо-поставщик А;DEMO-A101;2025-06;DEMO-A101-2025-06-4;DEMO-C004;9
Демо-поставщик А;DEMO-A101;2025-07;DEMO-A101-2025-07-1;DEMO-C001;10
Демо-поставщик А;DEMO-A101;2025-07;DEMO-A101-2025-07-2;DEMO-C002;10
Демо-поставщик А;DEMO-A101;2025-07;DEMO-A101-2025-07-3;DEMO-C003;9
Демо-поставщик А;DEMO-A101;2025-07;DEMO-A101-2025-07-4;DEMO-C004;9
Демо-поставщик А;DEMO-A101;2025-08;DEMO-A101-2025-08-1;DEMO-C001;12
Демо-поставщик А;DEMO-A101;2025-08;DEMO-A101-2025-08-2;DEMO-C002;11
Демо-поставщик А;DEMO-A101;2025-08;DEMO-A101-2025-08-3;DEMO-C003;11
Демо-поставщик А;DEMO-A101;2025-08;DEMO-A101-2025-08-4;DEMO-C004;11
Демо-поставщик А;DEMO-A101;2025-09;DEMO-A101-2025-09-1;DEMO-C001;16
Демо-поставщик А;DEMO-A101;2025-09;DEMO-A101-2025-09-2;DEMO-C002;16
Демо-поставщик А;DEMO-A101;2025-09;DEMO-A101-2025-09-3;DEMO-C003;16
Демо-поставщик А;DEMO-A101;2025-09;DEMO-A101-2025-09-4;DEMO-C004;16
Демо-поставщик А;DEMO-A101;2025-10;DEMO-A101-2025-10-1;DEMO-C001;16
Демо-поставщик А;DEMO-A101;2025-10;DEMO-A101-2025-10-2;DEMO-C002;16
Демо-поставщик А;DEMO-A101;2025-10;DEMO-A101-2025-10-3;DEMO-C003;16
Демо-поставщик А;DEMO-A101;2025-10;DEMO-A101-2025-10-4;DEMO-C004;16
Демо-поставщик А;DEMO-A101;2025-11;DEMO-A101-2025-11-1;DEMO-C001;16
Демо-поставщик А;DEMO-A101;2025-11;DEMO-A101-2025-11-2;DEMO-C002;16
Демо-поставщик А;DEMO-A101;2025-11;DEMO-A101-2025-11-3;DEMO-C003;16
Демо-поставщик А;DEMO-A101;2025-11;DEMO-A101-2025-11-4;DEMO-C004;16
Демо-поставщик А;DEMO-A101;2025-12;DEMO-A101-2025-12-1;DEMO-C001;26
Демо-поставщик А;DEMO-A101;2025-12;DEMO-A101-2025-12-2;DEMO-C002;26
Демо-поставщик А;DEMO-A101;2025-12;DEMO-A101-2025-12-3;DEMO-C003;25
Демо-поставщик А;DEMO-A101;2025-12;DEMO-A101-2025-12-4;DEMO-C004;25
Демо-поставщик А;DEMO-A101;2026-01;DEMO-A101-2026-01-1;DEMO-C001;29
Демо-поставщик А;DEMO-A101;2026-01;DEMO-A101-2026-01-2;DEMO-C002;29
Демо-поставщик А;DEMO-A101;2026-01;DEMO-A101-2026-01-3;DEMO-C003;29
Демо-поставщик А;DEMO-A101;2026-01;DEMO-A101-2026-01-4;DEMO-C004;28
Демо-поставщик А;DEMO-A101;2026-02;DEMO-A101-2026-02-1;DEMO-C001;24
Демо-поставщик А;DEMO-A101;2026-02;DEMO-A101-2026-02-2;DEMO-C002;24
Демо-поставщик А;DEMO-A101;2026-02;DEMO-A101-2026-02-3;DEMO-C003;24
Демо-поставщик А;DEMO-A101;2026-02;DEMO-A101-2026-02-4;DEMO-C004;24
Демо-поставщик А;DEMO-A101;2026-03;DEMO-A101-2026-03-1;DEMO-C001;16
Демо-поставщик А;DEMO-A101;2026-03;DEMO-A101-2026-03-2;DEMO-C002;16
Демо-поставщик А;DEMO-A101;2026-03;DEMO-A101-2026-03-3;DEMO-C003;16
Демо-поставщик А;DEMO-A101;2026-03;DEMO-A101-2026-03-4;DEMO-C004;16
Демо-поставщик А;DEMO-A101;2026-04;DEMO-A101-2026-04-1;DEMO-C001;16
Демо-поставщик А;DEMO-A101;2026-04;DEMO-A101-2026-04-2;DEMO-C002;16
Демо-поставщик А;DEMO-A101;2026-04;DEMO-A101-2026-04-3;DEMO-C003;16
Демо-поставщик А;DEMO-A101;2026-04;DEMO-A101-2026-04-4;DEMO-C004;16
Демо-поставщик А;DEMO-A101;2026-05;DEMO-A101-2026-05-1;DEMO-C001;16
Демо-поставщик А;DEMO-A101;2026-05;DEMO-A101-2026-05-2;DEMO-C002;16
Демо-поставщик А;DEMO-A101;2026-05;DEMO-A101-2026-05-3;DEMO-C003;16
Демо-поставщик А;DEMO-A101;2026-05;DEMO-A101-2026-05-4;DEMO-C004;16
Демо-поставщик А;DEMO-A101;2026-06;DEMO-A101-2026-06-1;DEMO-C001;10
Демо-поставщик А;DEMO-A101;2026-06;DEMO-A101-2026-06-2;DEMO-C002;10
Демо-поставщик А;DEMO-A101;2026-06;DEMO-A101-2026-06-3;DEMO-C003;9
Демо-поставщик А;DEMO-A101;2026-06;DEMO-A101-2026-06-4;DEMO-C004;9
Демо-поставщик А;DEMO-A101;2026-07;DEMO-A101-2026-07-1;DEMO-C001;10
Демо-поставщик А;DEMO-A101;2026-07;DEMO-A101-2026-07-2;DEMO-C002;10
Демо-поставщик А;DEMO-A101;2026-07;DEMO-A101-2026-07-3;DEMO-C003;9
Демо-поставщик А;DEMO-A101;2026-07;DEMO-A101-2026-07-4;DEMO-C004;9
Демо-поставщик А;DEMO-A101;2026-08;DEMO-A101-2026-08-1;DEMO-C001;12
Демо-поставщик А;DEMO-A101;2026-08;DEMO-A101-2026-08-2;DEMO-C002;11
Демо-поставщик А;DEMO-A101;2026-08;DEMO-A101-2026-08-3;DEMO-C003;11
Демо-поставщик А;DEMO-A101;2026-08;DEMO-A101-2026-08-4;DEMO-C004;11
Демо-поставщик А;DEMO-A202;2024-01;DEMO-A202-2024-01-1;DEMO-C001;22
Демо-поставщик А;DEMO-A202;2024-01;DEMO-A202-2024-01-2;DEMO-C002;21
Демо-поставщик А;DEMO-A202;2024-01;DEMO-A202-2024-01-3;DEMO-C003;21
Демо-поставщик А;DEMO-A202;2024-01;DEMO-A202-2024-01-4;DEMO-C004;21
Демо-поставщик А;DEMO-A202;2024-02;DEMO-A202-2024-02-1;DEMO-C001;22
Демо-поставщик А;DEMO-A202;2024-02;DEMO-A202-2024-02-2;DEMO-C002;21
Демо-поставщик А;DEMO-A202;2024-02;DEMO-A202-2024-02-3;DEMO-C003;21
Демо-поставщик А;DEMO-A202;2024-02;DEMO-A202-2024-02-4;DEMO-C004;21
Демо-поставщик А;DEMO-A202;2024-03;DEMO-A202-2024-03-1;DEMO-C001;22
Демо-поставщик А;DEMO-A202;2024-03;DEMO-A202-2024-03-2;DEMO-C002;21
Демо-поставщик А;DEMO-A202;2024-03;DEMO-A202-2024-03-3;DEMO-C003;21
Демо-поставщик А;DEMO-A202;2024-03;DEMO-A202-2024-03-4;DEMO-C004;21
Демо-поставщик А;DEMO-A202;2024-04;DEMO-A202-2024-04-1;DEMO-C001;22
Демо-поставщик А;DEMO-A202;2024-04;DEMO-A202-2024-04-2;DEMO-C002;21
Демо-поставщик А;DEMO-A202;2024-04;DEMO-A202-2024-04-3;DEMO-C003;21
Демо-поставщик А;DEMO-A202;2024-04;DEMO-A202-2024-04-4;DEMO-C004;21
Демо-поставщик А;DEMO-A202;2024-05;DEMO-A202-2024-05-1;DEMO-C001;22
Демо-поставщик А;DEMO-A202;2024-05;DEMO-A202-2024-05-2;DEMO-C002;21
Демо-поставщик А;DEMO-A202;2024-05;DEMO-A202-2024-05-3;DEMO-C003;21
Демо-поставщик А;DEMO-A202;2024-05;DEMO-A202-2024-05-4;DEMO-C004;21
Демо-поставщик А;DEMO-A202;2024-06;DEMO-A202-2024-06-1;DEMO-C001;22
Демо-поставщик А;DEMO-A202;2024-06;DEMO-A202-2024-06-2;DEMO-C002;21
Демо-поставщик А;DEMO-A202;2024-06;DEMO-A202-2024-06-3;DEMO-C003;21
Демо-поставщик А;DEMO-A202;2024-06;DEMO-A202-2024-06-4;DEMO-C004;21
Демо-поставщик А;DEMO-A202;2024-07;DEMO-A202-2024-07-1;DEMO-C001;22
Демо-поставщик А;DEMO-A202;2024-07;DEMO-A202-2024-07-2;DEMO-C002;21
Демо-поставщик А;DEMO-A202;2024-07;DEMO-A202-2024-07-3;DEMO-C003;21
Демо-поставщик А;DEMO-A202;2024-07;DEMO-A202-2024-07-4;DEMO-C004;21
Демо-поставщик А;DEMO-A202;2024-08;DEMO-A202-2024-08-1;DEMO-C001;22
Демо-поставщик А;DEMO-A202;2024-08;DEMO-A202-2024-08-2;DEMO-C002;21
Демо-поставщик А;DEMO-A202;2024-08;DEMO-A202-2024-08-3;DEMO-C003;21
Демо-поставщик А;DEMO-A202;2024-08;DEMO-A202-2024-08-4;DEMO-C004;21
Демо-поставщик А;DEMO-A202;2024-09;DEMO-A202-2024-09-1;DEMO-C001;22
Демо-поставщик А;DEMO-A202;2024-09;DEMO-A202-2024-09-2;DEMO-C002;21
Демо-поставщик А;DEMO-A202;2024-09;DEMO-A202-2024-09-3;DEMO-C003;21
Демо-поставщик А;DEMO-A202;2024-09;DEMO-A202-2024-09-4;DEMO-C004;21
Демо-поставщик А;DEMO-A202;2024-10;DEMO-A202-2024-10-1;DEMO-C001;22
Демо-поставщик А;DEMO-A202;2024-10;DEMO-A202-2024-10-2;DEMO-C002;21
Демо-поставщик А;DEMO-A202;2024-10;DEMO-A202-2024-10-3;DEMO-C003;21
Демо-поставщик А;DEMO-A202;2024-10;DEMO-A202-2024-10-4;DEMO-C004;21
Демо-поставщик А;DEMO-A202;2024-11;DEMO-A202-2024-11-1;DEMO-C001;22
Демо-поставщик А;DEMO-A202;2024-11;DEMO-A202-2024-11-2;DEMO-C002;21
Демо-поставщик А;DEMO-A202;2024-11;DEMO-A202-2024-11-3;DEMO-C003;21
Демо-поставщик А;DEMO-A202;2024-11;DEMO-A202-2024-11-4;DEMO-C004;21
Демо-поставщик А;DEMO-A202;2024-12;DEMO-A202-2024-12-1;DEMO-C001;22
Демо-поставщик А;DEMO-A202;2024-12;DEMO-A202-2024-12-2;DEMO-C002;21
Демо-поставщик А;DEMO-A202;2024-12;DEMO-A202-2024-12-3;DEMO-C003;21
Демо-поставщик А;DEMO-A202;2024-12;DEMO-A202-2024-12-4;DEMO-C004;21
Демо-поставщик А;DEMO-A202;2025-01;DEMO-A202-2025-01-1;DEMO-C001;25
Демо-поставщик А;DEMO-A202;2025-01;DEMO-A202-2025-01-2;DEMO-C002;25
Демо-поставщик А;DEMO-A202;2025-01;DEMO-A202-2025-01-3;DEMO-C003;25
Демо-поставщик А;DEMO-A202;2025-01;DEMO-A202-2025-01-4;DEMO-C004;25
Демо-поставщик А;DEMO-A202;2025-02;DEMO-A202-2025-02-1;DEMO-C001;25
Демо-поставщик А;DEMO-A202;2025-02;DEMO-A202-2025-02-2;DEMO-C002;25
Демо-поставщик А;DEMO-A202;2025-02;DEMO-A202-2025-02-3;DEMO-C003;25
Демо-поставщик А;DEMO-A202;2025-02;DEMO-A202-2025-02-4;DEMO-C004;25
Демо-поставщик А;DEMO-A202;2025-03;DEMO-A202-2025-03-1;DEMO-C001;25
Демо-поставщик А;DEMO-A202;2025-03;DEMO-A202-2025-03-2;DEMO-C002;25
Демо-поставщик А;DEMO-A202;2025-03;DEMO-A202-2025-03-3;DEMO-C003;25
Демо-поставщик А;DEMO-A202;2025-03;DEMO-A202-2025-03-4;DEMO-C004;25
Демо-поставщик А;DEMO-A202;2025-04;DEMO-A202-2025-04-1;DEMO-C001;25
Демо-поставщик А;DEMO-A202;2025-04;DEMO-A202-2025-04-2;DEMO-C002;25
Демо-поставщик А;DEMO-A202;2025-04;DEMO-A202-2025-04-3;DEMO-C003;25
Демо-поставщик А;DEMO-A202;2025-04;DEMO-A202-2025-04-4;DEMO-C004;25
Демо-поставщик А;DEMO-A202;2025-05;DEMO-A202-2025-05-1;DEMO-C001;25
Демо-поставщик А;DEMO-A202;2025-05;DEMO-A202-2025-05-2;DEMO-C002;25
Демо-поставщик А;DEMO-A202;2025-05;DEMO-A202-2025-05-3;DEMO-C003;25
Демо-поставщик А;DEMO-A202;2025-05;DEMO-A202-2025-05-4;DEMO-C004;25
Демо-поставщик А;DEMO-A202;2025-06;DEMO-A202-2025-06-1;DEMO-C001;25
Демо-поставщик А;DEMO-A202;2025-06;DEMO-A202-2025-06-2;DEMO-C002;25
Демо-поставщик А;DEMO-A202;2025-06;DEMO-A202-2025-06-3;DEMO-C003;25
Демо-поставщик А;DEMO-A202;2025-06;DEMO-A202-2025-06-4;DEMO-C004;25
Демо-поставщик А;DEMO-A202;2025-07;DEMO-A202-2025-07-1;DEMO-C001;25
Демо-поставщик А;DEMO-A202;2025-07;DEMO-A202-2025-07-2;DEMO-C002;25
Демо-поставщик А;DEMO-A202;2025-07;DEMO-A202-2025-07-3;DEMO-C003;25
Демо-поставщик А;DEMO-A202;2025-07;DEMO-A202-2025-07-4;DEMO-C004;25
Демо-поставщик А;DEMO-A202;2025-08;DEMO-A202-2025-08-1;DEMO-C001;25
Демо-поставщик А;DEMO-A202;2025-08;DEMO-A202-2025-08-2;DEMO-C002;25
Демо-поставщик А;DEMO-A202;2025-08;DEMO-A202-2025-08-3;DEMO-C003;25
Демо-поставщик А;DEMO-A202;2025-08;DEMO-A202-2025-08-4;DEMO-C004;25
Демо-поставщик А;DEMO-A202;2025-09;DEMO-A202-2025-09-1;DEMO-C001;25
Демо-поставщик А;DEMO-A202;2025-09;DEMO-A202-2025-09-2;DEMO-C002;25
Демо-поставщик А;DEMO-A202;2025-09;DEMO-A202-2025-09-3;DEMO-C003;25
Демо-поставщик А;DEMO-A202;2025-09;DEMO-A202-2025-09-4;DEMO-C004;25
Демо-поставщик А;DEMO-A202;2025-10;DEMO-A202-2025-10-1;DEMO-C001;25
Демо-поставщик А;DEMO-A202;2025-10;DEMO-A202-2025-10-2;DEMO-C002;25
Демо-поставщик А;DEMO-A202;2025-10;DEMO-A202-2025-10-3;DEMO-C003;25
Демо-поставщик А;DEMO-A202;2025-10;DEMO-A202-2025-10-4;DEMO-C004;25
Демо-поставщик А;DEMO-A202;2025-11;DEMO-A202-2025-11-1;DEMO-C001;25
Демо-поставщик А;DEMO-A202;2025-11;DEMO-A202-2025-11-2;DEMO-C002;25
Демо-поставщик А;DEMO-A202;2025-11;DEMO-A202-2025-11-3;DEMO-C003;25
Демо-поставщик А;DEMO-A202;2025-11;DEMO-A202-2025-11-4;DEMO-C004;25
Демо-поставщик А;DEMO-A202;2025-12;DEMO-A202-2025-12-1;DEMO-C001;25
Демо-поставщик А;DEMO-A202;2025-12;DEMO-A202-2025-12-2;DEMO-C002;25
Демо-поставщик А;DEMO-A202;2025-12;DEMO-A202-2025-12-3;DEMO-C003;25
Демо-поставщик А;DEMO-A202;2025-12;DEMO-A202-2025-12-4;DEMO-C004;25
Демо-поставщик А;DEMO-A202;2026-01;DEMO-A202-2026-01-1;DEMO-C001;29
Демо-поставщик А;DEMO-A202;2026-01;DEMO-A202-2026-01-2;DEMO-C002;29
Демо-поставщик А;DEMO-A202;2026-01;DEMO-A202-2026-01-3;DEMO-C003;29
Демо-поставщик А;DEMO-A202;2026-01;DEMO-A202-2026-01-4;DEMO-C004;29
Демо-поставщик А;DEMO-A202;2026-02;DEMO-A202-2026-02-1;DEMO-C001;29
Демо-поставщик А;DEMO-A202;2026-02;DEMO-A202-2026-02-2;DEMO-C002;29
Демо-поставщик А;DEMO-A202;2026-02;DEMO-A202-2026-02-3;DEMO-C003;29
Демо-поставщик А;DEMO-A202;2026-02;DEMO-A202-2026-02-4;DEMO-C004;29
Демо-поставщик А;DEMO-A202;2026-03;DEMO-A202-2026-03-1;DEMO-C001;29
Демо-поставщик А;DEMO-A202;2026-03;DEMO-A202-2026-03-2;DEMO-C002;29
Демо-поставщик А;DEMO-A202;2026-03;DEMO-A202-2026-03-3;DEMO-C003;29
Демо-поставщик А;DEMO-A202;2026-03;DEMO-A202-2026-03-4;DEMO-C004;29
Демо-поставщик А;DEMO-A202;2026-04;DEMO-A202-2026-04-1;DEMO-C001;29
Демо-поставщик А;DEMO-A202;2026-04;DEMO-A202-2026-04-2;DEMO-C002;29
Демо-поставщик А;DEMO-A202;2026-04;DEMO-A202-2026-04-3;DEMO-C003;29
Демо-поставщик А;DEMO-A202;2026-04;DEMO-A202-2026-04-4;DEMO-C004;29
Демо-поставщик А;DEMO-A202;2026-05;DEMO-A202-2026-05-1;DEMO-C001;29
Демо-поставщик А;DEMO-A202;2026-05;DEMO-A202-2026-05-2;DEMO-C002;29
Демо-поставщик А;DEMO-A202;2026-05;DEMO-A202-2026-05-3;DEMO-C003;29
Демо-поставщик А;DEMO-A202;2026-05;DEMO-A202-2026-05-4;DEMO-C004;29
Демо-поставщик А;DEMO-A202;2026-06;DEMO-A202-2026-06-1;DEMO-C001;29
Демо-поставщик А;DEMO-A202;2026-06;DEMO-A202-2026-06-2;DEMO-C002;29
Демо-поставщик А;DEMO-A202;2026-06;DEMO-A202-2026-06-3;DEMO-C003;29
Демо-поставщик А;DEMO-A202;2026-06;DEMO-A202-2026-06-4;DEMO-C004;29
Демо-поставщик А;DEMO-A202;2026-07;DEMO-A202-2026-07-1;DEMO-C001;29
Демо-поставщик А;DEMO-A202;2026-07;DEMO-A202-2026-07-2;DEMO-C002;29
Демо-поставщик А;DEMO-A202;2026-07;DEMO-A202-2026-07-3;DEMO-C003;29
Демо-поставщик А;DEMO-A202;2026-07;DEMO-A202-2026-07-4;DEMO-C004;29
Демо-поставщик А;DEMO-A202;2026-08;DEMO-A202-2026-08-1;DEMO-C001;29
Демо-поставщик А;DEMO-A202;2026-08;DEMO-A202-2026-08-2;DEMO-C002;29
Демо-поставщик А;DEMO-A202;2026-08;DEMO-A202-2026-08-3;DEMO-C003;29
Демо-поставщик А;DEMO-A202;2026-08;DEMO-A202-2026-08-4;DEMO-C004;29
Демо-поставщик А;DEMO-A202;2025-05;DEMO-ONE-OFF-001;DEMO-C017;900
Демо-поставщик Б;DEMO-B310;2024-01;DEMO-B310-2024-01-1;DEMO-C001;13
Демо-поставщик Б;DEMO-B310;2024-01;DEMO-B310-2024-01-2;DEMO-C002;13
Демо-поставщик Б;DEMO-B310;2024-01;DEMO-B310-2024-01-3;DEMO-C003;13
Демо-поставщик Б;DEMO-B310;2024-01;DEMO-B310-2024-01-4;DEMO-C004;13
Демо-поставщик Б;DEMO-B310;2024-02;DEMO-B310-2024-02-1;DEMO-C001;13
Демо-поставщик Б;DEMO-B310;2024-02;DEMO-B310-2024-02-2;DEMO-C002;13
Демо-поставщик Б;DEMO-B310;2024-02;DEMO-B310-2024-02-3;DEMO-C003;13
Демо-поставщик Б;DEMO-B310;2024-02;DEMO-B310-2024-02-4;DEMO-C004;13
Демо-поставщик Б;DEMO-B310;2024-03;DEMO-B310-2024-03-1;DEMO-C001;13
Демо-поставщик Б;DEMO-B310;2024-03;DEMO-B310-2024-03-2;DEMO-C002;13
Демо-поставщик Б;DEMO-B310;2024-03;DEMO-B310-2024-03-3;DEMO-C003;13
Демо-поставщик Б;DEMO-B310;2024-03;DEMO-B310-2024-03-4;DEMO-C004;13
Демо-поставщик Б;DEMO-B310;2024-04;DEMO-B310-2024-04-1;DEMO-C001;13
Демо-поставщик Б;DEMO-B310;2024-04;DEMO-B310-2024-04-2;DEMO-C002;13
Демо-поставщик Б;DEMO-B310;2024-04;DEMO-B310-2024-04-3;DEMO-C003;13
Демо-поставщик Б;DEMO-B310;2024-04;DEMO-B310-2024-04-4;DEMO-C004;13
Демо-поставщик Б;DEMO-B310;2024-05;DEMO-B310-2024-05-1;DEMO-C001;13
Демо-поставщик Б;DEMO-B310;2024-05;DEMO-B310-2024-05-2;DEMO-C002;13
Демо-поставщик Б;DEMO-B310;2024-05;DEMO-B310-2024-05-3;DEMO-C003;13
Демо-поставщик Б;DEMO-B310;2024-05;DEMO-B310-2024-05-4;DEMO-C004;13
Демо-поставщик Б;DEMO-B310;2024-06;DEMO-B310-2024-06-1;DEMO-C001;13
Демо-поставщик Б;DEMO-B310;2024-06;DEMO-B310-2024-06-2;DEMO-C002;13
Демо-поставщик Б;DEMO-B310;2024-06;DEMO-B310-2024-06-3;DEMO-C003;13
Демо-поставщик Б;DEMO-B310;2024-06;DEMO-B310-2024-06-4;DEMO-C004;13
Демо-поставщик Б;DEMO-B310;2024-07;DEMO-B310-2024-07-1;DEMO-C001;13
Демо-поставщик Б;DEMO-B310;2024-07;DEMO-B310-2024-07-2;DEMO-C002;13
Демо-поставщик Б;DEMO-B310;2024-07;DEMO-B310-2024-07-3;DEMO-C003;13
Демо-поставщик Б;DEMO-B310;2024-07;DEMO-B310-2024-07-4;DEMO-C004;13
Демо-поставщик Б;DEMO-B310;2024-08;DEMO-B310-2024-08-1;DEMO-C001;13
Демо-поставщик Б;DEMO-B310;2024-08;DEMO-B310-2024-08-2;DEMO-C002;13
Демо-поставщик Б;DEMO-B310;2024-08;DEMO-B310-2024-08-3;DEMO-C003;13
Демо-поставщик Б;DEMO-B310;2024-08;DEMO-B310-2024-08-4;DEMO-C004;13
Демо-поставщик Б;DEMO-B310;2024-09;DEMO-B310-2024-09-1;DEMO-C001;13
Демо-поставщик Б;DEMO-B310;2024-09;DEMO-B310-2024-09-2;DEMO-C002;13
Демо-поставщик Б;DEMO-B310;2024-09;DEMO-B310-2024-09-3;DEMO-C003;13
Демо-поставщик Б;DEMO-B310;2024-09;DEMO-B310-2024-09-4;DEMO-C004;13
Демо-поставщик Б;DEMO-B310;2024-10;DEMO-B310-2024-10-1;DEMO-C001;13
Демо-поставщик Б;DEMO-B310;2024-10;DEMO-B310-2024-10-2;DEMO-C002;13
Демо-поставщик Б;DEMO-B310;2024-10;DEMO-B310-2024-10-3;DEMO-C003;13
Демо-поставщик Б;DEMO-B310;2024-10;DEMO-B310-2024-10-4;DEMO-C004;13
Демо-поставщик Б;DEMO-B310;2024-11;DEMO-B310-2024-11-1;DEMO-C001;13
Демо-поставщик Б;DEMO-B310;2024-11;DEMO-B310-2024-11-2;DEMO-C002;13
Демо-поставщик Б;DEMO-B310;2024-11;DEMO-B310-2024-11-3;DEMO-C003;13
Демо-поставщик Б;DEMO-B310;2024-11;DEMO-B310-2024-11-4;DEMO-C004;13
Демо-поставщик Б;DEMO-B310;2024-12;DEMO-B310-2024-12-1;DEMO-C001;13
Демо-поставщик Б;DEMO-B310;2024-12;DEMO-B310-2024-12-2;DEMO-C002;13
Демо-поставщик Б;DEMO-B310;2024-12;DEMO-B310-2024-12-3;DEMO-C003;13
Демо-поставщик Б;DEMO-B310;2024-12;DEMO-B310-2024-12-4;DEMO-C004;13
Демо-поставщик Б;DEMO-B310;2025-01;DEMO-B310-2025-01-1;DEMO-C001;13
Демо-поставщик Б;DEMO-B310;2025-01;DEMO-B310-2025-01-2;DEMO-C002;13
Демо-поставщик Б;DEMO-B310;2025-01;DEMO-B310-2025-01-3;DEMO-C003;13
Демо-поставщик Б;DEMO-B310;2025-01;DEMO-B310-2025-01-4;DEMO-C004;13
Демо-поставщик Б;DEMO-B310;2025-02;DEMO-B310-2025-02-1;DEMO-C001;13
Демо-поставщик Б;DEMO-B310;2025-02;DEMO-B310-2025-02-2;DEMO-C002;13
Демо-поставщик Б;DEMO-B310;2025-02;DEMO-B310-2025-02-3;DEMO-C003;13
Демо-поставщик Б;DEMO-B310;2025-02;DEMO-B310-2025-02-4;DEMO-C004;13
Демо-поставщик Б;DEMO-B310;2025-03;DEMO-B310-2025-03-1;DEMO-C001;13
Демо-поставщик Б;DEMO-B310;2025-03;DEMO-B310-2025-03-2;DEMO-C002;13
Демо-поставщик Б;DEMO-B310;2025-03;DEMO-B310-2025-03-3;DEMO-C003;13
Демо-поставщик Б;DEMO-B310;2025-03;DEMO-B310-2025-03-4;DEMO-C004;13
Демо-поставщик Б;DEMO-B310;2025-04;DEMO-B310-2025-04-1;DEMO-C001;13
Демо-поставщик Б;DEMO-B310;2025-04;DEMO-B310-2025-04-2;DEMO-C002;13
Демо-поставщик Б;DEMO-B310;2025-04;DEMO-B310-2025-04-3;DEMO-C003;13
Демо-поставщик Б;DEMO-B310;2025-04;DEMO-B310-2025-04-4;DEMO-C004;13
Демо-поставщик Б;DEMO-B310;2025-05;DEMO-B310-2025-05-1;DEMO-C001;13
Демо-поставщик Б;DEMO-B310;2025-05;DEMO-B310-2025-05-2;DEMO-C002;13
Демо-поставщик Б;DEMO-B310;2025-05;DEMO-B310-2025-05-3;DEMO-C003;13
Демо-поставщик Б;DEMO-B310;2025-05;DEMO-B310-2025-05-4;DEMO-C004;13
Демо-поставщик Б;DEMO-B310;2025-06;DEMO-B310-2025-06-1;DEMO-C001;13
Демо-поставщик Б;DEMO-B310;2025-06;DEMO-B310-2025-06-2;DEMO-C002;13
Демо-поставщик Б;DEMO-B310;2025-06;DEMO-B310-2025-06-3;DEMO-C003;13
Демо-поставщик Б;DEMO-B310;2025-06;DEMO-B310-2025-06-4;DEMO-C004;13
Демо-поставщик Б;DEMO-B310;2025-07;DEMO-B310-2025-07-1;DEMO-C001;13
Демо-поставщик Б;DEMO-B310;2025-07;DEMO-B310-2025-07-2;DEMO-C002;13
Демо-поставщик Б;DEMO-B310;2025-07;DEMO-B310-2025-07-3;DEMO-C003;13
Демо-поставщик Б;DEMO-B310;2025-07;DEMO-B310-2025-07-4;DEMO-C004;13
Демо-поставщик Б;DEMO-B310;2025-08;DEMO-B310-2025-08-1;DEMO-C001;13
Демо-поставщик Б;DEMO-B310;2025-08;DEMO-B310-2025-08-2;DEMO-C002;13
Демо-поставщик Б;DEMO-B310;2025-08;DEMO-B310-2025-08-3;DEMO-C003;13
Демо-поставщик Б;DEMO-B310;2025-08;DEMO-B310-2025-08-4;DEMO-C004;13
Демо-поставщик Б;DEMO-B310;2025-09;DEMO-B310-2025-09-1;DEMO-C001;1
Демо-поставщик Б;DEMO-B310;2025-09;DEMO-B310-2025-09-2;DEMO-C002;1
Демо-поставщик Б;DEMO-B310;2025-09;DEMO-B310-2025-09-3;DEMO-C003;1
Демо-поставщик Б;DEMO-B310;2025-09;DEMO-B310-2025-09-4;DEMO-C004;1
Демо-поставщик Б;DEMO-B310;2025-10;DEMO-B310-2025-10-1;DEMO-C001;13
Демо-поставщик Б;DEMO-B310;2025-10;DEMO-B310-2025-10-2;DEMO-C002;13
Демо-поставщик Б;DEMO-B310;2025-10;DEMO-B310-2025-10-3;DEMO-C003;13
Демо-поставщик Б;DEMO-B310;2025-10;DEMO-B310-2025-10-4;DEMO-C004;13
Демо-поставщик Б;DEMO-B310;2025-11;DEMO-B310-2025-11-1;DEMO-C001;13
Демо-поставщик Б;DEMO-B310;2025-11;DEMO-B310-2025-11-2;DEMO-C002;13
Демо-поставщик Б;DEMO-B310;2025-11;DEMO-B310-2025-11-3;DEMO-C003;13
Демо-поставщик Б;DEMO-B310;2025-11;DEMO-B310-2025-11-4;DEMO-C004;13
Демо-поставщик Б;DEMO-B310;2025-12;DEMO-B310-2025-12-1;DEMO-C001;13
Демо-поставщик Б;DEMO-B310;2025-12;DEMO-B310-2025-12-2;DEMO-C002;13
Демо-поставщик Б;DEMO-B310;2025-12;DEMO-B310-2025-12-3;DEMO-C003;13
Демо-поставщик Б;DEMO-B310;2025-12;DEMO-B310-2025-12-4;DEMO-C004;13
Демо-поставщик Б;DEMO-B310;2026-01;DEMO-B310-2026-01-1;DEMO-C001;13
Демо-поставщик Б;DEMO-B310;2026-01;DEMO-B310-2026-01-2;DEMO-C002;13
Демо-поставщик Б;DEMO-B310;2026-01;DEMO-B310-2026-01-3;DEMO-C003;13
Демо-поставщик Б;DEMO-B310;2026-01;DEMO-B310-2026-01-4;DEMO-C004;13
Демо-поставщик Б;DEMO-B310;2026-02;DEMO-B310-2026-02-1;DEMO-C001;13
Демо-поставщик Б;DEMO-B310;2026-02;DEMO-B310-2026-02-2;DEMO-C002;13
Демо-поставщик Б;DEMO-B310;2026-02;DEMO-B310-2026-02-3;DEMO-C003;13
Демо-поставщик Б;DEMO-B310;2026-02;DEMO-B310-2026-02-4;DEMO-C004;13
Демо-поставщик Б;DEMO-B310;2026-03;DEMO-B310-2026-03-1;DEMO-C001;13
Демо-поставщик Б;DEMO-B310;2026-03;DEMO-B310-2026-03-2;DEMO-C002;13
Демо-поставщик Б;DEMO-B310;2026-03;DEMO-B310-2026-03-3;DEMO-C003;13
Демо-поставщик Б;DEMO-B310;2026-03;DEMO-B310-2026-03-4;DEMO-C004;13
Демо-поставщик Б;DEMO-B310;2026-04;DEMO-B310-2026-04-1;DEMO-C001;13
Демо-поставщик Б;DEMO-B310;2026-04;DEMO-B310-2026-04-2;DEMO-C002;13
Демо-поставщик Б;DEMO-B310;2026-04;DEMO-B310-2026-04-3;DEMO-C003;13
Демо-поставщик Б;DEMO-B310;2026-04;DEMO-B310-2026-04-4;DEMO-C004;13
Демо-поставщик Б;DEMO-B310;2026-05;DEMO-B310-2026-05-1;DEMO-C001;13
Демо-поставщик Б;DEMO-B310;2026-05;DEMO-B310-2026-05-2;DEMO-C002;13
Демо-поставщик Б;DEMO-B310;2026-05;DEMO-B310-2026-05-3;DEMO-C003;13
Демо-поставщик Б;DEMO-B310;2026-05;DEMO-B310-2026-05-4;DEMO-C004;13
Демо-поставщик Б;DEMO-B310;2026-06;DEMO-B310-2026-06-1;DEMO-C001;13
Демо-поставщик Б;DEMO-B310;2026-06;DEMO-B310-2026-06-2;DEMO-C002;13
Демо-поставщик Б;DEMO-B310;2026-06;DEMO-B310-2026-06-3;DEMO-C003;13
Демо-поставщик Б;DEMO-B310;2026-06;DEMO-B310-2026-06-4;DEMO-C004;13
Демо-поставщик Б;DEMO-B310;2026-07;DEMO-B310-2026-07-1;DEMO-C001;13
Демо-поставщик Б;DEMO-B310;2026-07;DEMO-B310-2026-07-2;DEMO-C002;13
Демо-поставщик Б;DEMO-B310;2026-07;DEMO-B310-2026-07-3;DEMO-C003;13
Демо-поставщик Б;DEMO-B310;2026-07;DEMO-B310-2026-07-4;DEMO-C004;13
Демо-поставщик Б;DEMO-B310;2026-08;DEMO-B310-2026-08-1;DEMO-C001;13
Демо-поставщик Б;DEMO-B310;2026-08;DEMO-B310-2026-08-2;DEMO-C002;13
Демо-поставщик Б;DEMO-B310;2026-08;DEMO-B310-2026-08-3;DEMO-C003;13
Демо-поставщик Б;DEMO-B310;2026-08;DEMO-B310-2026-08-4;DEMO-C004;13
Демо-поставщик Б;DEMO-B440;2024-01;DEMO-B440-2024-01-1;DEMO-C001;6
Демо-поставщик Б;DEMO-B440;2024-01;DEMO-B440-2024-01-2;DEMO-C002;6
Демо-поставщик Б;DEMO-B440;2024-01;DEMO-B440-2024-01-3;DEMO-C003;6
Демо-поставщик Б;DEMO-B440;2024-01;DEMO-B440-2024-01-4;DEMO-C004;6
Демо-поставщик Б;DEMO-B440;2024-02;DEMO-B440-2024-02-1;DEMO-C001;6
Демо-поставщик Б;DEMO-B440;2024-02;DEMO-B440-2024-02-2;DEMO-C002;6
Демо-поставщик Б;DEMO-B440;2024-02;DEMO-B440-2024-02-3;DEMO-C003;6
Демо-поставщик Б;DEMO-B440;2024-02;DEMO-B440-2024-02-4;DEMO-C004;6
Демо-поставщик Б;DEMO-B440;2024-03;DEMO-B440-2024-03-1;DEMO-C001;6
Демо-поставщик Б;DEMO-B440;2024-03;DEMO-B440-2024-03-2;DEMO-C002;6
Демо-поставщик Б;DEMO-B440;2024-03;DEMO-B440-2024-03-3;DEMO-C003;6
Демо-поставщик Б;DEMO-B440;2024-03;DEMO-B440-2024-03-4;DEMO-C004;6
Демо-поставщик Б;DEMO-B440;2024-04;DEMO-B440-2024-04-1;DEMO-C001;6
Демо-поставщик Б;DEMO-B440;2024-04;DEMO-B440-2024-04-2;DEMO-C002;6
Демо-поставщик Б;DEMO-B440;2024-04;DEMO-B440-2024-04-3;DEMO-C003;6
Демо-поставщик Б;DEMO-B440;2024-04;DEMO-B440-2024-04-4;DEMO-C004;6
Демо-поставщик Б;DEMO-B440;2024-05;DEMO-B440-2024-05-1;DEMO-C001;6
Демо-поставщик Б;DEMO-B440;2024-05;DEMO-B440-2024-05-2;DEMO-C002;6
Демо-поставщик Б;DEMO-B440;2024-05;DEMO-B440-2024-05-3;DEMO-C003;6
Демо-поставщик Б;DEMO-B440;2024-05;DEMO-B440-2024-05-4;DEMO-C004;6
Демо-поставщик Б;DEMO-B440;2024-06;DEMO-B440-2024-06-1;DEMO-C001;6
Демо-поставщик Б;DEMO-B440;2024-06;DEMO-B440-2024-06-2;DEMO-C002;6
Демо-поставщик Б;DEMO-B440;2024-06;DEMO-B440-2024-06-3;DEMO-C003;6
Демо-поставщик Б;DEMO-B440;2024-06;DEMO-B440-2024-06-4;DEMO-C004;6
Демо-поставщик Б;DEMO-B440;2024-07;DEMO-B440-2024-07-1;DEMO-C001;6
Демо-поставщик Б;DEMO-B440;2024-07;DEMO-B440-2024-07-2;DEMO-C002;6
Демо-поставщик Б;DEMO-B440;2024-07;DEMO-B440-2024-07-3;DEMO-C003;6
Демо-поставщик Б;DEMO-B440;2024-07;DEMO-B440-2024-07-4;DEMO-C004;6
Демо-поставщик Б;DEMO-B440;2024-08;DEMO-B440-2024-08-1;DEMO-C001;6
Демо-поставщик Б;DEMO-B440;2024-08;DEMO-B440-2024-08-2;DEMO-C002;6
Демо-поставщик Б;DEMO-B440;2024-08;DEMO-B440-2024-08-3;DEMO-C003;6
Демо-поставщик Б;DEMO-B440;2024-08;DEMO-B440-2024-08-4;DEMO-C004;6
Демо-поставщик Б;DEMO-B440;2024-09;DEMO-B440-2024-09-1;DEMO-C001;6
Демо-поставщик Б;DEMO-B440;2024-09;DEMO-B440-2024-09-2;DEMO-C002;6
Демо-поставщик Б;DEMO-B440;2024-09;DEMO-B440-2024-09-3;DEMO-C003;6
Демо-поставщик Б;DEMO-B440;2024-09;DEMO-B440-2024-09-4;DEMO-C004;6
Демо-поставщик Б;DEMO-B440;2024-10;DEMO-B440-2024-10-1;DEMO-C001;6
Демо-поставщик Б;DEMO-B440;2024-10;DEMO-B440-2024-10-2;DEMO-C002;6
Демо-поставщик Б;DEMO-B440;2024-10;DEMO-B440-2024-10-3;DEMO-C003;6
Демо-поставщик Б;DEMO-B440;2024-10;DEMO-B440-2024-10-4;DEMO-C004;6
Демо-поставщик Б;DEMO-B440;2024-11;DEMO-B440-2024-11-1;DEMO-C001;6
Демо-поставщик Б;DEMO-B440;2024-11;DEMO-B440-2024-11-2;DEMO-C002;6
Демо-поставщик Б;DEMO-B440;2024-11;DEMO-B440-2024-11-3;DEMO-C003;6
Демо-поставщик Б;DEMO-B440;2024-11;DEMO-B440-2024-11-4;DEMO-C004;6
Демо-поставщик Б;DEMO-B440;2024-12;DEMO-B440-2024-12-1;DEMO-C001;6
Демо-поставщик Б;DEMO-B440;2024-12;DEMO-B440-2024-12-2;DEMO-C002;6
Демо-поставщик Б;DEMO-B440;2024-12;DEMO-B440-2024-12-3;DEMO-C003;6
Демо-поставщик Б;DEMO-B440;2024-12;DEMO-B440-2024-12-4;DEMO-C004;6
Демо-поставщик Б;DEMO-B440;2025-01;DEMO-B440-2025-01-1;DEMO-C001;6
Демо-поставщик Б;DEMO-B440;2025-01;DEMO-B440-2025-01-2;DEMO-C002;6
Демо-поставщик Б;DEMO-B440;2025-01;DEMO-B440-2025-01-3;DEMO-C003;6
Демо-поставщик Б;DEMO-B440;2025-01;DEMO-B440-2025-01-4;DEMO-C004;6
Демо-поставщик Б;DEMO-B440;2025-02;DEMO-B440-2025-02-1;DEMO-C001;6
Демо-поставщик Б;DEMO-B440;2025-02;DEMO-B440-2025-02-2;DEMO-C002;6
Демо-поставщик Б;DEMO-B440;2025-02;DEMO-B440-2025-02-3;DEMO-C003;6
Демо-поставщик Б;DEMO-B440;2025-02;DEMO-B440-2025-02-4;DEMO-C004;6
Демо-поставщик Б;DEMO-B440;2025-03;DEMO-B440-2025-03-1;DEMO-C001;6
Демо-поставщик Б;DEMO-B440;2025-03;DEMO-B440-2025-03-2;DEMO-C002;6
Демо-поставщик Б;DEMO-B440;2025-03;DEMO-B440-2025-03-3;DEMO-C003;6
Демо-поставщик Б;DEMO-B440;2025-03;DEMO-B440-2025-03-4;DEMO-C004;6
Демо-поставщик Б;DEMO-B440;2025-04;DEMO-B440-2025-04-1;DEMO-C001;6
Демо-поставщик Б;DEMO-B440;2025-04;DEMO-B440-2025-04-2;DEMO-C002;6
Демо-поставщик Б;DEMO-B440;2025-04;DEMO-B440-2025-04-3;DEMO-C003;6
Демо-поставщик Б;DEMO-B440;2025-04;DEMO-B440-2025-04-4;DEMO-C004;6
Демо-поставщик Б;DEMO-B440;2025-05;DEMO-B440-2025-05-1;DEMO-C001;6
Демо-поставщик Б;DEMO-B440;2025-05;DEMO-B440-2025-05-2;DEMO-C002;6
Демо-поставщик Б;DEMO-B440;2025-05;DEMO-B440-2025-05-3;DEMO-C003;6
Демо-поставщик Б;DEMO-B440;2025-05;DEMO-B440-2025-05-4;DEMO-C004;6
Демо-поставщик Б;DEMO-B440;2025-06;DEMO-B440-2025-06-1;DEMO-C001;6
Демо-поставщик Б;DEMO-B440;2025-06;DEMO-B440-2025-06-2;DEMO-C002;6
Демо-поставщик Б;DEMO-B440;2025-06;DEMO-B440-2025-06-3;DEMO-C003;6
Демо-поставщик Б;DEMO-B440;2025-06;DEMO-B440-2025-06-4;DEMO-C004;6
Демо-поставщик Б;DEMO-B440;2025-07;DEMO-B440-2025-07-1;DEMO-C001;6
Демо-поставщик Б;DEMO-B440;2025-07;DEMO-B440-2025-07-2;DEMO-C002;6
Демо-поставщик Б;DEMO-B440;2025-07;DEMO-B440-2025-07-3;DEMO-C003;6
Демо-поставщик Б;DEMO-B440;2025-07;DEMO-B440-2025-07-4;DEMO-C004;6
Демо-поставщик Б;DEMO-B440;2025-08;DEMO-B440-2025-08-1;DEMO-C001;6
Демо-поставщик Б;DEMO-B440;2025-08;DEMO-B440-2025-08-2;DEMO-C002;6
Демо-поставщик Б;DEMO-B440;2025-08;DEMO-B440-2025-08-3;DEMO-C003;6
Демо-поставщик Б;DEMO-B440;2025-08;DEMO-B440-2025-08-4;DEMO-C004;6
Демо-поставщик Б;DEMO-B440;2025-09;DEMO-B440-2025-09-1;DEMO-C001;6
Демо-поставщик Б;DEMO-B440;2025-09;DEMO-B440-2025-09-2;DEMO-C002;6
Демо-поставщик Б;DEMO-B440;2025-09;DEMO-B440-2025-09-3;DEMO-C003;6
Демо-поставщик Б;DEMO-B440;2025-09;DEMO-B440-2025-09-4;DEMO-C004;6
Демо-поставщик Б;DEMO-B440;2025-10;DEMO-B440-2025-10-1;DEMO-C001;6
Демо-поставщик Б;DEMO-B440;2025-10;DEMO-B440-2025-10-2;DEMO-C002;6
Демо-поставщик Б;DEMO-B440;2025-10;DEMO-B440-2025-10-3;DEMO-C003;6
Демо-поставщик Б;DEMO-B440;2025-10;DEMO-B440-2025-10-4;DEMO-C004;6
Демо-поставщик Б;DEMO-B440;2025-11;DEMO-B440-2025-11-1;DEMO-C001;6
Демо-поставщик Б;DEMO-B440;2025-11;DEMO-B440-2025-11-2;DEMO-C002;6
Демо-поставщик Б;DEMO-B440;2025-11;DEMO-B440-2025-11-3;DEMO-C003;6
Демо-поставщик Б;DEMO-B440;2025-11;DEMO-B440-2025-11-4;DEMO-C004;6
Демо-поставщик Б;DEMO-B440;2025-12;DEMO-B440-2025-12-1;DEMO-C001;6
Демо-поставщик Б;DEMO-B440;2025-12;DEMO-B440-2025-12-2;DEMO-C002;6
Демо-поставщик Б;DEMO-B440;2025-12;DEMO-B440-2025-12-3;DEMO-C003;6
Демо-поставщик Б;DEMO-B440;2025-12;DEMO-B440-2025-12-4;DEMO-C004;6
Демо-поставщик Б;DEMO-B440;2026-01;DEMO-B440-2026-01-1;DEMO-C001;6
Демо-поставщик Б;DEMO-B440;2026-01;DEMO-B440-2026-01-2;DEMO-C002;6
Демо-поставщик Б;DEMO-B440;2026-01;DEMO-B440-2026-01-3;DEMO-C003;6
Демо-поставщик Б;DEMO-B440;2026-01;DEMO-B440-2026-01-4;DEMO-C004;6
Демо-поставщик Б;DEMO-B440;2026-02;DEMO-B440-2026-02-1;DEMO-C001;6
Демо-поставщик Б;DEMO-B440;2026-02;DEMO-B440-2026-02-2;DEMO-C002;6
Демо-поставщик Б;DEMO-B440;2026-02;DEMO-B440-2026-02-3;DEMO-C003;6
Демо-поставщик Б;DEMO-B440;2026-02;DEMO-B440-2026-02-4;DEMO-C004;6
Демо-поставщик Б;DEMO-B440;2026-03;DEMO-B440-2026-03-1;DEMO-C001;6
Демо-поставщик Б;DEMO-B440;2026-03;DEMO-B440-2026-03-2;DEMO-C002;6
Демо-поставщик Б;DEMO-B440;2026-03;DEMO-B440-2026-03-3;DEMO-C003;6
Демо-поставщик Б;DEMO-B440;2026-03;DEMO-B440-2026-03-4;DEMO-C004;6
Демо-поставщик Б;DEMO-B440;2026-04;DEMO-B440-2026-04-1;DEMO-C001;6
Демо-поставщик Б;DEMO-B440;2026-04;DEMO-B440-2026-04-2;DEMO-C002;6
Демо-поставщик Б;DEMO-B440;2026-04;DEMO-B440-2026-04-3;DEMO-C003;6
Демо-поставщик Б;DEMO-B440;2026-04;DEMO-B440-2026-04-4;DEMO-C004;6
Демо-поставщик Б;DEMO-B440;2026-05;DEMO-B440-2026-05-1;DEMO-C001;6
Демо-поставщик Б;DEMO-B440;2026-05;DEMO-B440-2026-05-2;DEMO-C002;6
Демо-поставщик Б;DEMO-B440;2026-05;DEMO-B440-2026-05-3;DEMO-C003;6
Демо-поставщик Б;DEMO-B440;2026-05;DEMO-B440-2026-05-4;DEMO-C004;6
Демо-поставщик Б;DEMO-B440;2026-06;DEMO-B440-2026-06-1;DEMO-C001;6
Демо-поставщик Б;DEMO-B440;2026-06;DEMO-B440-2026-06-2;DEMO-C002;6
Демо-поставщик Б;DEMO-B440;2026-06;DEMO-B440-2026-06-3;DEMO-C003;6
Демо-поставщик Б;DEMO-B440;2026-06;DEMO-B440-2026-06-4;DEMO-C004;6
Демо-поставщик Б;DEMO-B440;2026-07;DEMO-B440-2026-07-1;DEMO-C001;6
Демо-поставщик Б;DEMO-B440;2026-07;DEMO-B440-2026-07-2;DEMO-C002;6
Демо-поставщик Б;DEMO-B440;2026-07;DEMO-B440-2026-07-3;DEMO-C003;6
Демо-поставщик Б;DEMO-B440;2026-07;DEMO-B440-2026-07-4;DEMO-C004;6
Демо-поставщик Б;DEMO-B440;2026-08;DEMO-B440-2026-08-1;DEMO-C001;6
Демо-поставщик Б;DEMO-B440;2026-08;DEMO-B440-2026-08-2;DEMO-C002;6
Демо-поставщик Б;DEMO-B440;2026-08;DEMO-B440-2026-08-3;DEMO-C003;6
Демо-поставщик Б;DEMO-B440;2026-08;DEMO-B440-2026-08-4;DEMO-C004;6
Демо-поставщик А;DEMO-A303;2024-01;DEMO-A303-2024-01-1;DEMO-C001;3
Демо-поставщик А;DEMO-A303;2024-01;DEMO-A303-2024-01-2;DEMO-C002;3
Демо-поставщик А;DEMO-A303;2024-01;DEMO-A303-2024-01-3;DEMO-C003;3
Демо-поставщик А;DEMO-A303;2024-01;DEMO-A303-2024-01-4;DEMO-C004;2
Демо-поставщик А;DEMO-A303;2024-02;DEMO-A303-2024-02-1;DEMO-C001;4
Демо-поставщик А;DEMO-A303;2024-02;DEMO-A303-2024-02-2;DEMO-C002;3
Демо-поставщик А;DEMO-A303;2024-02;DEMO-A303-2024-02-3;DEMO-C003;3
Демо-поставщик А;DEMO-A303;2024-02;DEMO-A303-2024-02-4;DEMO-C004;3
Демо-поставщик А;DEMO-A303;2024-03;DEMO-A303-2024-03-1;DEMO-C001;5
Демо-поставщик А;DEMO-A303;2024-03;DEMO-A303-2024-03-2;DEMO-C002;5
Демо-поставщик А;DEMO-A303;2024-03;DEMO-A303-2024-03-3;DEMO-C003;4
Демо-поставщик А;DEMO-A303;2024-03;DEMO-A303-2024-03-4;DEMO-C004;4
Демо-поставщик А;DEMO-A303;2024-04;DEMO-A303-2024-04-1;DEMO-C001;5
Демо-поставщик А;DEMO-A303;2024-04;DEMO-A303-2024-04-2;DEMO-C002;5
Демо-поставщик А;DEMO-A303;2024-04;DEMO-A303-2024-04-3;DEMO-C003;4
Демо-поставщик А;DEMO-A303;2024-04;DEMO-A303-2024-04-4;DEMO-C004;4
Демо-поставщик А;DEMO-A303;2024-05;DEMO-A303-2024-05-1;DEMO-C001;5
Демо-поставщик А;DEMO-A303;2024-05;DEMO-A303-2024-05-2;DEMO-C002;5
Демо-поставщик А;DEMO-A303;2024-05;DEMO-A303-2024-05-3;DEMO-C003;4
Демо-поставщик А;DEMO-A303;2024-05;DEMO-A303-2024-05-4;DEMO-C004;4
Демо-поставщик А;DEMO-A303;2024-06;DEMO-A303-2024-06-1;DEMO-C001;7
Демо-поставщик А;DEMO-A303;2024-06;DEMO-A303-2024-06-2;DEMO-C002;7
Демо-поставщик А;DEMO-A303;2024-06;DEMO-A303-2024-06-3;DEMO-C003;7
Демо-поставщик А;DEMO-A303;2024-06;DEMO-A303-2024-06-4;DEMO-C004;6
Демо-поставщик А;DEMO-A303;2024-07;DEMO-A303-2024-07-1;DEMO-C001;8
Демо-поставщик А;DEMO-A303;2024-07;DEMO-A303-2024-07-2;DEMO-C002;8
Демо-поставщик А;DEMO-A303;2024-07;DEMO-A303-2024-07-3;DEMO-C003;8
Демо-поставщик А;DEMO-A303;2024-07;DEMO-A303-2024-07-4;DEMO-C004;8
Демо-поставщик А;DEMO-A303;2024-08;DEMO-A303-2024-08-1;DEMO-C001;8
Демо-поставщик А;DEMO-A303;2024-08;DEMO-A303-2024-08-2;DEMO-C002;7
Демо-поставщик А;DEMO-A303;2024-08;DEMO-A303-2024-08-3;DEMO-C003;7
Демо-поставщик А;DEMO-A303;2024-08;DEMO-A303-2024-08-4;DEMO-C004;7
Демо-поставщик А;DEMO-A303;2024-09;DEMO-A303-2024-09-1;DEMO-C001;5
Демо-поставщик А;DEMO-A303;2024-09;DEMO-A303-2024-09-2;DEMO-C002;5
Демо-поставщик А;DEMO-A303;2024-09;DEMO-A303-2024-09-3;DEMO-C003;4
Демо-поставщик А;DEMO-A303;2024-09;DEMO-A303-2024-09-4;DEMO-C004;4
Демо-поставщик А;DEMO-A303;2024-10;DEMO-A303-2024-10-1;DEMO-C001;5
Демо-поставщик А;DEMO-A303;2024-10;DEMO-A303-2024-10-2;DEMO-C002;5
Демо-поставщик А;DEMO-A303;2024-10;DEMO-A303-2024-10-3;DEMO-C003;4
Демо-поставщик А;DEMO-A303;2024-10;DEMO-A303-2024-10-4;DEMO-C004;4
Демо-поставщик А;DEMO-A303;2024-11;DEMO-A303-2024-11-1;DEMO-C001;5
Демо-поставщик А;DEMO-A303;2024-11;DEMO-A303-2024-11-2;DEMO-C002;5
Демо-поставщик А;DEMO-A303;2024-11;DEMO-A303-2024-11-3;DEMO-C003;4
Демо-поставщик А;DEMO-A303;2024-11;DEMO-A303-2024-11-4;DEMO-C004;4
Демо-поставщик А;DEMO-A303;2024-12;DEMO-A303-2024-12-1;DEMO-C001;4
Демо-поставщик А;DEMO-A303;2024-12;DEMO-A303-2024-12-2;DEMO-C002;3
Демо-поставщик А;DEMO-A303;2024-12;DEMO-A303-2024-12-3;DEMO-C003;3
Демо-поставщик А;DEMO-A303;2024-12;DEMO-A303-2024-12-4;DEMO-C004;3
Демо-поставщик А;DEMO-A303;2025-01;DEMO-A303-2025-01-1;DEMO-C001;3
Демо-поставщик А;DEMO-A303;2025-01;DEMO-A303-2025-01-2;DEMO-C002;3
Демо-поставщик А;DEMO-A303;2025-01;DEMO-A303-2025-01-3;DEMO-C003;3
Демо-поставщик А;DEMO-A303;2025-01;DEMO-A303-2025-01-4;DEMO-C004;2
Демо-поставщик А;DEMO-A303;2025-02;DEMO-A303-2025-02-1;DEMO-C001;4
Демо-поставщик А;DEMO-A303;2025-02;DEMO-A303-2025-02-2;DEMO-C002;3
Демо-поставщик А;DEMO-A303;2025-02;DEMO-A303-2025-02-3;DEMO-C003;3
Демо-поставщик А;DEMO-A303;2025-02;DEMO-A303-2025-02-4;DEMO-C004;3
Демо-поставщик А;DEMO-A303;2025-03;DEMO-A303-2025-03-1;DEMO-C001;5
Демо-поставщик А;DEMO-A303;2025-03;DEMO-A303-2025-03-2;DEMO-C002;5
Демо-поставщик А;DEMO-A303;2025-03;DEMO-A303-2025-03-3;DEMO-C003;4
Демо-поставщик А;DEMO-A303;2025-03;DEMO-A303-2025-03-4;DEMO-C004;4
Демо-поставщик А;DEMO-A303;2025-04;DEMO-A303-2025-04-1;DEMO-C001;5
Демо-поставщик А;DEMO-A303;2025-04;DEMO-A303-2025-04-2;DEMO-C002;5
Демо-поставщик А;DEMO-A303;2025-04;DEMO-A303-2025-04-3;DEMO-C003;4
Демо-поставщик А;DEMO-A303;2025-04;DEMO-A303-2025-04-4;DEMO-C004;4
Демо-поставщик А;DEMO-A303;2025-05;DEMO-A303-2025-05-1;DEMO-C001;5
Демо-поставщик А;DEMO-A303;2025-05;DEMO-A303-2025-05-2;DEMO-C002;5
Демо-поставщик А;DEMO-A303;2025-05;DEMO-A303-2025-05-3;DEMO-C003;4
Демо-поставщик А;DEMO-A303;2025-05;DEMO-A303-2025-05-4;DEMO-C004;4
Демо-поставщик А;DEMO-A303;2025-06;DEMO-A303-2025-06-1;DEMO-C001;7
Демо-поставщик А;DEMO-A303;2025-06;DEMO-A303-2025-06-2;DEMO-C002;7
Демо-поставщик А;DEMO-A303;2025-06;DEMO-A303-2025-06-3;DEMO-C003;7
Демо-поставщик А;DEMO-A303;2025-06;DEMO-A303-2025-06-4;DEMO-C004;6
Демо-поставщик А;DEMO-A303;2025-07;DEMO-A303-2025-07-1;DEMO-C001;8
Демо-поставщик А;DEMO-A303;2025-07;DEMO-A303-2025-07-2;DEMO-C002;8
Демо-поставщик А;DEMO-A303;2025-07;DEMO-A303-2025-07-3;DEMO-C003;8
Демо-поставщик А;DEMO-A303;2025-07;DEMO-A303-2025-07-4;DEMO-C004;8
Демо-поставщик А;DEMO-A303;2025-08;DEMO-A303-2025-08-1;DEMO-C001;8
Демо-поставщик А;DEMO-A303;2025-08;DEMO-A303-2025-08-2;DEMO-C002;7
Демо-поставщик А;DEMO-A303;2025-08;DEMO-A303-2025-08-3;DEMO-C003;7
Демо-поставщик А;DEMO-A303;2025-08;DEMO-A303-2025-08-4;DEMO-C004;7
Демо-поставщик А;DEMO-A303;2025-09;DEMO-A303-2025-09-1;DEMO-C001;5
Демо-поставщик А;DEMO-A303;2025-09;DEMO-A303-2025-09-2;DEMO-C002;5
Демо-поставщик А;DEMO-A303;2025-09;DEMO-A303-2025-09-3;DEMO-C003;4
Демо-поставщик А;DEMO-A303;2025-09;DEMO-A303-2025-09-4;DEMO-C004;4
Демо-поставщик А;DEMO-A303;2025-10;DEMO-A303-2025-10-1;DEMO-C001;5
Демо-поставщик А;DEMO-A303;2025-10;DEMO-A303-2025-10-2;DEMO-C002;5
Демо-поставщик А;DEMO-A303;2025-10;DEMO-A303-2025-10-3;DEMO-C003;4
Демо-поставщик А;DEMO-A303;2025-10;DEMO-A303-2025-10-4;DEMO-C004;4
Демо-поставщик А;DEMO-A303;2025-11;DEMO-A303-2025-11-1;DEMO-C001;5
Демо-поставщик А;DEMO-A303;2025-11;DEMO-A303-2025-11-2;DEMO-C002;5
Демо-поставщик А;DEMO-A303;2025-11;DEMO-A303-2025-11-3;DEMO-C003;4
Демо-поставщик А;DEMO-A303;2025-11;DEMO-A303-2025-11-4;DEMO-C004;4
Демо-поставщик А;DEMO-A303;2025-12;DEMO-A303-2025-12-1;DEMO-C001;4
Демо-поставщик А;DEMO-A303;2025-12;DEMO-A303-2025-12-2;DEMO-C002;3
Демо-поставщик А;DEMO-A303;2025-12;DEMO-A303-2025-12-3;DEMO-C003;3
Демо-поставщик А;DEMO-A303;2025-12;DEMO-A303-2025-12-4;DEMO-C004;3
Демо-поставщик А;DEMO-A303;2026-01;DEMO-A303-2026-01-1;DEMO-C001;3
Демо-поставщик А;DEMO-A303;2026-01;DEMO-A303-2026-01-2;DEMO-C002;3
Демо-поставщик А;DEMO-A303;2026-01;DEMO-A303-2026-01-3;DEMO-C003;3
Демо-поставщик А;DEMO-A303;2026-01;DEMO-A303-2026-01-4;DEMO-C004;2
Демо-поставщик А;DEMO-A303;2026-02;DEMO-A303-2026-02-1;DEMO-C001;4
Демо-поставщик А;DEMO-A303;2026-02;DEMO-A303-2026-02-2;DEMO-C002;3
Демо-поставщик А;DEMO-A303;2026-02;DEMO-A303-2026-02-3;DEMO-C003;3
Демо-поставщик А;DEMO-A303;2026-02;DEMO-A303-2026-02-4;DEMO-C004;3
Демо-поставщик А;DEMO-A303;2026-03;DEMO-A303-2026-03-1;DEMO-C001;5
Демо-поставщик А;DEMO-A303;2026-03;DEMO-A303-2026-03-2;DEMO-C002;5
Демо-поставщик А;DEMO-A303;2026-03;DEMO-A303-2026-03-3;DEMO-C003;4
Демо-поставщик А;DEMO-A303;2026-03;DEMO-A303-2026-03-4;DEMO-C004;4
Демо-поставщик А;DEMO-A303;2026-04;DEMO-A303-2026-04-1;DEMO-C001;5
Демо-поставщик А;DEMO-A303;2026-04;DEMO-A303-2026-04-2;DEMO-C002;5
Демо-поставщик А;DEMO-A303;2026-04;DEMO-A303-2026-04-3;DEMO-C003;4
Демо-поставщик А;DEMO-A303;2026-04;DEMO-A303-2026-04-4;DEMO-C004;4
Демо-поставщик А;DEMO-A303;2026-05;DEMO-A303-2026-05-1;DEMO-C001;5
Демо-поставщик А;DEMO-A303;2026-05;DEMO-A303-2026-05-2;DEMO-C002;5
Демо-поставщик А;DEMO-A303;2026-05;DEMO-A303-2026-05-3;DEMO-C003;4
Демо-поставщик А;DEMO-A303;2026-05;DEMO-A303-2026-05-4;DEMO-C004;4
Демо-поставщик А;DEMO-A303;2026-06;DEMO-A303-2026-06-1;DEMO-C001;7
Демо-поставщик А;DEMO-A303;2026-06;DEMO-A303-2026-06-2;DEMO-C002;7
Демо-поставщик А;DEMO-A303;2026-06;DEMO-A303-2026-06-3;DEMO-C003;7
Демо-поставщик А;DEMO-A303;2026-06;DEMO-A303-2026-06-4;DEMO-C004;6
Демо-поставщик А;DEMO-A303;2026-07;DEMO-A303-2026-07-1;DEMO-C001;8
Демо-поставщик А;DEMO-A303;2026-07;DEMO-A303-2026-07-2;DEMO-C002;8
Демо-поставщик А;DEMO-A303;2026-07;DEMO-A303-2026-07-3;DEMO-C003;8
Демо-поставщик А;DEMO-A303;2026-07;DEMO-A303-2026-07-4;DEMO-C004;8
Демо-поставщик А;DEMO-A303;2026-08;DEMO-A303-2026-08-1;DEMO-C001;8
Демо-поставщик А;DEMO-A303;2026-08;DEMO-A303-2026-08-2;DEMO-C002;7
Демо-поставщик А;DEMO-A303;2026-08;DEMO-A303-2026-08-3;DEMO-C003;7
Демо-поставщик А;DEMO-A303;2026-08;DEMO-A303-2026-08-4;DEMO-C004;7
Демо-поставщик А;DEMO-A404;2024-01;DEMO-A404-2024-01-1;DEMO-C001;8
Демо-поставщик А;DEMO-A404;2024-01;DEMO-A404-2024-01-2;DEMO-C002;8
Демо-поставщик А;DEMO-A404;2024-01;DEMO-A404-2024-01-3;DEMO-C003;7
Демо-поставщик А;DEMO-A404;2024-01;DEMO-A404-2024-01-4;DEMO-C004;7
Демо-поставщик А;DEMO-A404;2024-02;DEMO-A404-2024-02-1;DEMO-C001;9
Демо-поставщик А;DEMO-A404;2024-02;DEMO-A404-2024-02-2;DEMO-C002;9
Демо-поставщик А;DEMO-A404;2024-02;DEMO-A404-2024-02-3;DEMO-C003;9
Демо-поставщик А;DEMO-A404;2024-02;DEMO-A404-2024-02-4;DEMO-C004;8
Демо-поставщик А;DEMO-A404;2024-03;DEMO-A404-2024-03-1;DEMO-C001;13
Демо-поставщик А;DEMO-A404;2024-03;DEMO-A404-2024-03-2;DEMO-C002;13
Демо-поставщик А;DEMO-A404;2024-03;DEMO-A404-2024-03-3;DEMO-C003;12
Демо-поставщик А;DEMO-A404;2024-03;DEMO-A404-2024-03-4;DEMO-C004;12
Демо-поставщик А;DEMO-A404;2024-04;DEMO-A404-2024-04-1;DEMO-C001;13
Демо-поставщик А;DEMO-A404;2024-04;DEMO-A404-2024-04-2;DEMO-C002;13
Демо-поставщик А;DEMO-A404;2024-04;DEMO-A404-2024-04-3;DEMO-C003;12
Демо-поставщик А;DEMO-A404;2024-04;DEMO-A404-2024-04-4;DEMO-C004;12
Демо-поставщик А;DEMO-A404;2024-05;DEMO-A404-2024-05-1;DEMO-C001;13
Демо-поставщик А;DEMO-A404;2024-05;DEMO-A404-2024-05-2;DEMO-C002;13
Демо-поставщик А;DEMO-A404;2024-05;DEMO-A404-2024-05-3;DEMO-C003;12
Демо-поставщик А;DEMO-A404;2024-05;DEMO-A404-2024-05-4;DEMO-C004;12
Демо-поставщик А;DEMO-A404;2024-06;DEMO-A404-2024-06-1;DEMO-C001;19
Демо-поставщик А;DEMO-A404;2024-06;DEMO-A404-2024-06-2;DEMO-C002;19
Демо-поставщик А;DEMO-A404;2024-06;DEMO-A404-2024-06-3;DEMO-C003;19
Демо-поставщик А;DEMO-A404;2024-06;DEMO-A404-2024-06-4;DEMO-C004;18
Демо-поставщик А;DEMO-A404;2024-07;DEMO-A404-2024-07-1;DEMO-C001;23
Демо-поставщик А;DEMO-A404;2024-07;DEMO-A404-2024-07-2;DEMO-C002;23
Демо-поставщик А;DEMO-A404;2024-07;DEMO-A404-2024-07-3;DEMO-C003;22
Демо-поставщик А;DEMO-A404;2024-07;DEMO-A404-2024-07-4;DEMO-C004;22
Демо-поставщик А;DEMO-A404;2024-08;DEMO-A404-2024-08-1;DEMO-C001;20
Демо-поставщик А;DEMO-A404;2024-08;DEMO-A404-2024-08-2;DEMO-C002;20
Демо-поставщик А;DEMO-A404;2024-08;DEMO-A404-2024-08-3;DEMO-C003;20
Демо-поставщик А;DEMO-A404;2024-08;DEMO-A404-2024-08-4;DEMO-C004;20
Демо-поставщик А;DEMO-A404;2024-09;DEMO-A404-2024-09-1;DEMO-C001;13
Демо-поставщик А;DEMO-A404;2024-09;DEMO-A404-2024-09-2;DEMO-C002;13
Демо-поставщик А;DEMO-A404;2024-09;DEMO-A404-2024-09-3;DEMO-C003;12
Демо-поставщик А;DEMO-A404;2024-09;DEMO-A404-2024-09-4;DEMO-C004;12
Демо-поставщик А;DEMO-A404;2024-10;DEMO-A404-2024-10-1;DEMO-C001;13
Демо-поставщик А;DEMO-A404;2024-10;DEMO-A404-2024-10-2;DEMO-C002;13
Демо-поставщик А;DEMO-A404;2024-10;DEMO-A404-2024-10-3;DEMO-C003;12
Демо-поставщик А;DEMO-A404;2024-10;DEMO-A404-2024-10-4;DEMO-C004;12
Демо-поставщик А;DEMO-A404;2024-11;DEMO-A404-2024-11-1;DEMO-C001;13
Демо-поставщик А;DEMO-A404;2024-11;DEMO-A404-2024-11-2;DEMO-C002;13
Демо-поставщик А;DEMO-A404;2024-11;DEMO-A404-2024-11-3;DEMO-C003;12
Демо-поставщик А;DEMO-A404;2024-11;DEMO-A404-2024-11-4;DEMO-C004;12
Демо-поставщик А;DEMO-A404;2024-12;DEMO-A404-2024-12-1;DEMO-C001;9
Демо-поставщик А;DEMO-A404;2024-12;DEMO-A404-2024-12-2;DEMO-C002;9
Демо-поставщик А;DEMO-A404;2024-12;DEMO-A404-2024-12-3;DEMO-C003;9
Демо-поставщик А;DEMO-A404;2024-12;DEMO-A404-2024-12-4;DEMO-C004;8
Демо-поставщик А;DEMO-A404;2025-01;DEMO-A404-2025-01-1;DEMO-C001;8
Демо-поставщик А;DEMO-A404;2025-01;DEMO-A404-2025-01-2;DEMO-C002;8
Демо-поставщик А;DEMO-A404;2025-01;DEMO-A404-2025-01-3;DEMO-C003;7
Демо-поставщик А;DEMO-A404;2025-01;DEMO-A404-2025-01-4;DEMO-C004;7
Демо-поставщик А;DEMO-A404;2025-02;DEMO-A404-2025-02-1;DEMO-C001;9
Демо-поставщик А;DEMO-A404;2025-02;DEMO-A404-2025-02-2;DEMO-C002;9
Демо-поставщик А;DEMO-A404;2025-02;DEMO-A404-2025-02-3;DEMO-C003;9
Демо-поставщик А;DEMO-A404;2025-02;DEMO-A404-2025-02-4;DEMO-C004;8
Демо-поставщик А;DEMO-A404;2025-03;DEMO-A404-2025-03-1;DEMO-C001;13
Демо-поставщик А;DEMO-A404;2025-03;DEMO-A404-2025-03-2;DEMO-C002;13
Демо-поставщик А;DEMO-A404;2025-03;DEMO-A404-2025-03-3;DEMO-C003;12
Демо-поставщик А;DEMO-A404;2025-03;DEMO-A404-2025-03-4;DEMO-C004;12
Демо-поставщик А;DEMO-A404;2025-04;DEMO-A404-2025-04-1;DEMO-C001;13
Демо-поставщик А;DEMO-A404;2025-04;DEMO-A404-2025-04-2;DEMO-C002;13
Демо-поставщик А;DEMO-A404;2025-04;DEMO-A404-2025-04-3;DEMO-C003;12
Демо-поставщик А;DEMO-A404;2025-04;DEMO-A404-2025-04-4;DEMO-C004;12
Демо-поставщик А;DEMO-A404;2025-05;DEMO-A404-2025-05-1;DEMO-C001;13
Демо-поставщик А;DEMO-A404;2025-05;DEMO-A404-2025-05-2;DEMO-C002;13
Демо-поставщик А;DEMO-A404;2025-05;DEMO-A404-2025-05-3;DEMO-C003;12
Демо-поставщик А;DEMO-A404;2025-05;DEMO-A404-2025-05-4;DEMO-C004;12
Демо-поставщик А;DEMO-A404;2025-06;DEMO-A404-2025-06-1;DEMO-C001;19
Демо-поставщик А;DEMO-A404;2025-06;DEMO-A404-2025-06-2;DEMO-C002;19
Демо-поставщик А;DEMO-A404;2025-06;DEMO-A404-2025-06-3;DEMO-C003;19
Демо-поставщик А;DEMO-A404;2025-06;DEMO-A404-2025-06-4;DEMO-C004;18
Демо-поставщик А;DEMO-A404;2025-07;DEMO-A404-2025-07-1;DEMO-C001;23
Демо-поставщик А;DEMO-A404;2025-07;DEMO-A404-2025-07-2;DEMO-C002;23
Демо-поставщик А;DEMO-A404;2025-07;DEMO-A404-2025-07-3;DEMO-C003;22
Демо-поставщик А;DEMO-A404;2025-07;DEMO-A404-2025-07-4;DEMO-C004;22
Демо-поставщик А;DEMO-A404;2025-08;DEMO-A404-2025-08-1;DEMO-C001;20
Демо-поставщик А;DEMO-A404;2025-08;DEMO-A404-2025-08-2;DEMO-C002;20
Демо-поставщик А;DEMO-A404;2025-08;DEMO-A404-2025-08-3;DEMO-C003;20
Демо-поставщик А;DEMO-A404;2025-08;DEMO-A404-2025-08-4;DEMO-C004;20
Демо-поставщик А;DEMO-A404;2025-09;DEMO-A404-2025-09-1;DEMO-C001;13
Демо-поставщик А;DEMO-A404;2025-09;DEMO-A404-2025-09-2;DEMO-C002;13
Демо-поставщик А;DEMO-A404;2025-09;DEMO-A404-2025-09-3;DEMO-C003;12
Демо-поставщик А;DEMO-A404;2025-09;DEMO-A404-2025-09-4;DEMO-C004;12
Демо-поставщик А;DEMO-A404;2025-10;DEMO-A404-2025-10-1;DEMO-C001;13
Демо-поставщик А;DEMO-A404;2025-10;DEMO-A404-2025-10-2;DEMO-C002;13
Демо-поставщик А;DEMO-A404;2025-10;DEMO-A404-2025-10-3;DEMO-C003;12
Демо-поставщик А;DEMO-A404;2025-10;DEMO-A404-2025-10-4;DEMO-C004;12
Демо-поставщик А;DEMO-A404;2025-11;DEMO-A404-2025-11-1;DEMO-C001;13
Демо-поставщик А;DEMO-A404;2025-11;DEMO-A404-2025-11-2;DEMO-C002;13
Демо-поставщик А;DEMO-A404;2025-11;DEMO-A404-2025-11-3;DEMO-C003;12
Демо-поставщик А;DEMO-A404;2025-11;DEMO-A404-2025-11-4;DEMO-C004;12
Демо-поставщик А;DEMO-A404;2025-12;DEMO-A404-2025-12-1;DEMO-C001;9
Демо-поставщик А;DEMO-A404;2025-12;DEMO-A404-2025-12-2;DEMO-C002;9
Демо-поставщик А;DEMO-A404;2025-12;DEMO-A404-2025-12-3;DEMO-C003;9
Демо-поставщик А;DEMO-A404;2025-12;DEMO-A404-2025-12-4;DEMO-C004;8
Демо-поставщик А;DEMO-A404;2026-01;DEMO-A404-2026-01-1;DEMO-C001;8
Демо-поставщик А;DEMO-A404;2026-01;DEMO-A404-2026-01-2;DEMO-C002;8
Демо-поставщик А;DEMO-A404;2026-01;DEMO-A404-2026-01-3;DEMO-C003;7
Демо-поставщик А;DEMO-A404;2026-01;DEMO-A404-2026-01-4;DEMO-C004;7
Демо-поставщик А;DEMO-A404;2026-02;DEMO-A404-2026-02-1;DEMO-C001;9
Демо-поставщик А;DEMO-A404;2026-02;DEMO-A404-2026-02-2;DEMO-C002;9
Демо-поставщик А;DEMO-A404;2026-02;DEMO-A404-2026-02-3;DEMO-C003;9
Демо-поставщик А;DEMO-A404;2026-02;DEMO-A404-2026-02-4;DEMO-C004;8
Демо-поставщик А;DEMO-A404;2026-03;DEMO-A404-2026-03-1;DEMO-C001;13
Демо-поставщик А;DEMO-A404;2026-03;DEMO-A404-2026-03-2;DEMO-C002;13
Демо-поставщик А;DEMO-A404;2026-03;DEMO-A404-2026-03-3;DEMO-C003;12
Демо-поставщик А;DEMO-A404;2026-03;DEMO-A404-2026-03-4;DEMO-C004;12
Демо-поставщик А;DEMO-A404;2026-04;DEMO-A404-2026-04-1;DEMO-C001;13
Демо-поставщик А;DEMO-A404;2026-04;DEMO-A404-2026-04-2;DEMO-C002;13
Демо-поставщик А;DEMO-A404;2026-04;DEMO-A404-2026-04-3;DEMO-C003;12
Демо-поставщик А;DEMO-A404;2026-04;DEMO-A404-2026-04-4;DEMO-C004;12
Демо-поставщик А;DEMO-A404;2026-05;DEMO-A404-2026-05-1;DEMO-C001;13
Демо-поставщик А;DEMO-A404;2026-05;DEMO-A404-2026-05-2;DEMO-C002;13
Демо-поставщик А;DEMO-A404;2026-05;DEMO-A404-2026-05-3;DEMO-C003;12
Демо-поставщик А;DEMO-A404;2026-05;DEMO-A404-2026-05-4;DEMO-C004;12
Демо-поставщик А;DEMO-A404;2026-06;DEMO-A404-2026-06-1;DEMO-C001;19
Демо-поставщик А;DEMO-A404;2026-06;DEMO-A404-2026-06-2;DEMO-C002;19
Демо-поставщик А;DEMO-A404;2026-06;DEMO-A404-2026-06-3;DEMO-C003;19
Демо-поставщик А;DEMO-A404;2026-06;DEMO-A404-2026-06-4;DEMO-C004;18
Демо-поставщик А;DEMO-A404;2026-07;DEMO-A404-2026-07-1;DEMO-C001;23
Демо-поставщик А;DEMO-A404;2026-07;DEMO-A404-2026-07-2;DEMO-C002;23
Демо-поставщик А;DEMO-A404;2026-07;DEMO-A404-2026-07-3;DEMO-C003;22
Демо-поставщик А;DEMO-A404;2026-07;DEMO-A404-2026-07-4;DEMO-C004;22
Демо-поставщик А;DEMO-A404;2026-08;DEMO-A404-2026-08-1;DEMO-C001;20
Демо-поставщик А;DEMO-A404;2026-08;DEMO-A404-2026-08-2;DEMO-C002;20
Демо-поставщик А;DEMO-A404;2026-08;DEMO-A404-2026-08-3;DEMO-C003;20
Демо-поставщик А;DEMO-A404;2026-08;DEMO-A404-2026-08-4;DEMO-C004;20
Демо-поставщик Б;DEMO-B510;2024-01;DEMO-B510-2024-01-1;DEMO-C001;4
Демо-поставщик Б;DEMO-B510;2024-01;DEMO-B510-2024-01-2;DEMO-C002;4
Демо-поставщик Б;DEMO-B510;2024-01;DEMO-B510-2024-01-3;DEMO-C003;3
Демо-поставщик Б;DEMO-B510;2024-01;DEMO-B510-2024-01-4;DEMO-C004;3
Демо-поставщик Б;DEMO-B510;2024-02;DEMO-B510-2024-02-1;DEMO-C001;4
Демо-поставщик Б;DEMO-B510;2024-02;DEMO-B510-2024-02-2;DEMO-C002;4
Демо-поставщик Б;DEMO-B510;2024-02;DEMO-B510-2024-02-3;DEMO-C003;3
Демо-поставщик Б;DEMO-B510;2024-02;DEMO-B510-2024-02-4;DEMO-C004;3
Демо-поставщик Б;DEMO-B510;2024-03;DEMO-B510-2024-03-1;DEMO-C001;4
Демо-поставщик Б;DEMO-B510;2024-03;DEMO-B510-2024-03-2;DEMO-C002;4
Демо-поставщик Б;DEMO-B510;2024-03;DEMO-B510-2024-03-3;DEMO-C003;3
Демо-поставщик Б;DEMO-B510;2024-03;DEMO-B510-2024-03-4;DEMO-C004;3
Демо-поставщик Б;DEMO-B510;2024-04;DEMO-B510-2024-04-1;DEMO-C001;4
Демо-поставщик Б;DEMO-B510;2024-04;DEMO-B510-2024-04-2;DEMO-C002;4
Демо-поставщик Б;DEMO-B510;2024-04;DEMO-B510-2024-04-3;DEMO-C003;3
Демо-поставщик Б;DEMO-B510;2024-04;DEMO-B510-2024-04-4;DEMO-C004;3
Демо-поставщик Б;DEMO-B510;2024-05;DEMO-B510-2024-05-1;DEMO-C001;4
Демо-поставщик Б;DEMO-B510;2024-05;DEMO-B510-2024-05-2;DEMO-C002;4
Демо-поставщик Б;DEMO-B510;2024-05;DEMO-B510-2024-05-3;DEMO-C003;3
Демо-поставщик Б;DEMO-B510;2024-05;DEMO-B510-2024-05-4;DEMO-C004;3
Демо-поставщик Б;DEMO-B510;2024-06;DEMO-B510-2024-06-1;DEMO-C001;4
Демо-поставщик Б;DEMO-B510;2024-06;DEMO-B510-2024-06-2;DEMO-C002;4
Демо-поставщик Б;DEMO-B510;2024-06;DEMO-B510-2024-06-3;DEMO-C003;3
Демо-поставщик Б;DEMO-B510;2024-06;DEMO-B510-2024-06-4;DEMO-C004;3
Демо-поставщик Б;DEMO-B510;2024-07;DEMO-B510-2024-07-1;DEMO-C001;4
Демо-поставщик Б;DEMO-B510;2024-07;DEMO-B510-2024-07-2;DEMO-C002;4
Демо-поставщик Б;DEMO-B510;2024-07;DEMO-B510-2024-07-3;DEMO-C003;3
Демо-поставщик Б;DEMO-B510;2024-07;DEMO-B510-2024-07-4;DEMO-C004;3
Демо-поставщик Б;DEMO-B510;2024-08;DEMO-B510-2024-08-1;DEMO-C001;4
Демо-поставщик Б;DEMO-B510;2024-08;DEMO-B510-2024-08-2;DEMO-C002;4
Демо-поставщик Б;DEMO-B510;2024-08;DEMO-B510-2024-08-3;DEMO-C003;3
Демо-поставщик Б;DEMO-B510;2024-08;DEMO-B510-2024-08-4;DEMO-C004;3
Демо-поставщик Б;DEMO-B510;2024-09;DEMO-B510-2024-09-1;DEMO-C001;4
Демо-поставщик Б;DEMO-B510;2024-09;DEMO-B510-2024-09-2;DEMO-C002;4
Демо-поставщик Б;DEMO-B510;2024-09;DEMO-B510-2024-09-3;DEMO-C003;3
Демо-поставщик Б;DEMO-B510;2024-09;DEMO-B510-2024-09-4;DEMO-C004;3
Демо-поставщик Б;DEMO-B510;2024-10;DEMO-B510-2024-10-1;DEMO-C001;4
Демо-поставщик Б;DEMO-B510;2024-10;DEMO-B510-2024-10-2;DEMO-C002;4
Демо-поставщик Б;DEMO-B510;2024-10;DEMO-B510-2024-10-3;DEMO-C003;3
Демо-поставщик Б;DEMO-B510;2024-10;DEMO-B510-2024-10-4;DEMO-C004;3
Демо-поставщик Б;DEMO-B510;2024-11;DEMO-B510-2024-11-1;DEMO-C001;4
Демо-поставщик Б;DEMO-B510;2024-11;DEMO-B510-2024-11-2;DEMO-C002;4
Демо-поставщик Б;DEMO-B510;2024-11;DEMO-B510-2024-11-3;DEMO-C003;3
Демо-поставщик Б;DEMO-B510;2024-11;DEMO-B510-2024-11-4;DEMO-C004;3
Демо-поставщик Б;DEMO-B510;2024-12;DEMO-B510-2024-12-1;DEMO-C001;4
Демо-поставщик Б;DEMO-B510;2024-12;DEMO-B510-2024-12-2;DEMO-C002;4
Демо-поставщик Б;DEMO-B510;2024-12;DEMO-B510-2024-12-3;DEMO-C003;3
Демо-поставщик Б;DEMO-B510;2024-12;DEMO-B510-2024-12-4;DEMO-C004;3
Демо-поставщик Б;DEMO-B510;2025-01;DEMO-B510-2025-01-1;DEMO-C001;5
Демо-поставщик Б;DEMO-B510;2025-01;DEMO-B510-2025-01-2;DEMO-C002;4
Демо-поставщик Б;DEMO-B510;2025-01;DEMO-B510-2025-01-3;DEMO-C003;4
Демо-поставщик Б;DEMO-B510;2025-01;DEMO-B510-2025-01-4;DEMO-C004;4
Демо-поставщик Б;DEMO-B510;2025-02;DEMO-B510-2025-02-1;DEMO-C001;5
Демо-поставщик Б;DEMO-B510;2025-02;DEMO-B510-2025-02-2;DEMO-C002;4
Демо-поставщик Б;DEMO-B510;2025-02;DEMO-B510-2025-02-3;DEMO-C003;4
Демо-поставщик Б;DEMO-B510;2025-02;DEMO-B510-2025-02-4;DEMO-C004;4
Демо-поставщик Б;DEMO-B510;2025-03;DEMO-B510-2025-03-1;DEMO-C001;5
Демо-поставщик Б;DEMO-B510;2025-03;DEMO-B510-2025-03-2;DEMO-C002;4
Демо-поставщик Б;DEMO-B510;2025-03;DEMO-B510-2025-03-3;DEMO-C003;4
Демо-поставщик Б;DEMO-B510;2025-03;DEMO-B510-2025-03-4;DEMO-C004;4
Демо-поставщик Б;DEMO-B510;2025-04;DEMO-B510-2025-04-1;DEMO-C001;5
Демо-поставщик Б;DEMO-B510;2025-04;DEMO-B510-2025-04-2;DEMO-C002;4
Демо-поставщик Б;DEMO-B510;2025-04;DEMO-B510-2025-04-3;DEMO-C003;4
Демо-поставщик Б;DEMO-B510;2025-04;DEMO-B510-2025-04-4;DEMO-C004;4
Демо-поставщик Б;DEMO-B510;2025-05;DEMO-B510-2025-05-1;DEMO-C001;5
Демо-поставщик Б;DEMO-B510;2025-05;DEMO-B510-2025-05-2;DEMO-C002;4
Демо-поставщик Б;DEMO-B510;2025-05;DEMO-B510-2025-05-3;DEMO-C003;4
Демо-поставщик Б;DEMO-B510;2025-05;DEMO-B510-2025-05-4;DEMO-C004;4
Демо-поставщик Б;DEMO-B510;2025-06;DEMO-B510-2025-06-1;DEMO-C001;5
Демо-поставщик Б;DEMO-B510;2025-06;DEMO-B510-2025-06-2;DEMO-C002;4
Демо-поставщик Б;DEMO-B510;2025-06;DEMO-B510-2025-06-3;DEMO-C003;4
Демо-поставщик Б;DEMO-B510;2025-06;DEMO-B510-2025-06-4;DEMO-C004;4
Демо-поставщик Б;DEMO-B510;2025-07;DEMO-B510-2025-07-1;DEMO-C001;5
Демо-поставщик Б;DEMO-B510;2025-07;DEMO-B510-2025-07-2;DEMO-C002;4
Демо-поставщик Б;DEMO-B510;2025-07;DEMO-B510-2025-07-3;DEMO-C003;4
Демо-поставщик Б;DEMO-B510;2025-07;DEMO-B510-2025-07-4;DEMO-C004;4
Демо-поставщик Б;DEMO-B510;2025-08;DEMO-B510-2025-08-1;DEMO-C001;5
Демо-поставщик Б;DEMO-B510;2025-08;DEMO-B510-2025-08-2;DEMO-C002;4
Демо-поставщик Б;DEMO-B510;2025-08;DEMO-B510-2025-08-3;DEMO-C003;4
Демо-поставщик Б;DEMO-B510;2025-08;DEMO-B510-2025-08-4;DEMO-C004;4
Демо-поставщик Б;DEMO-B510;2025-09;DEMO-B510-2025-09-1;DEMO-C001;5
Демо-поставщик Б;DEMO-B510;2025-09;DEMO-B510-2025-09-2;DEMO-C002;4
Демо-поставщик Б;DEMO-B510;2025-09;DEMO-B510-2025-09-3;DEMO-C003;4
Демо-поставщик Б;DEMO-B510;2025-09;DEMO-B510-2025-09-4;DEMO-C004;4
Демо-поставщик Б;DEMO-B510;2025-10;DEMO-B510-2025-10-1;DEMO-C001;5
Демо-поставщик Б;DEMO-B510;2025-10;DEMO-B510-2025-10-2;DEMO-C002;4
Демо-поставщик Б;DEMO-B510;2025-10;DEMO-B510-2025-10-3;DEMO-C003;4
Демо-поставщик Б;DEMO-B510;2025-10;DEMO-B510-2025-10-4;DEMO-C004;4
Демо-поставщик Б;DEMO-B510;2025-11;DEMO-B510-2025-11-1;DEMO-C001;5
Демо-поставщик Б;DEMO-B510;2025-11;DEMO-B510-2025-11-2;DEMO-C002;4
Демо-поставщик Б;DEMO-B510;2025-11;DEMO-B510-2025-11-3;DEMO-C003;4
Демо-поставщик Б;DEMO-B510;2025-11;DEMO-B510-2025-11-4;DEMO-C004;4
Демо-поставщик Б;DEMO-B510;2025-12;DEMO-B510-2025-12-1;DEMO-C001;5
Демо-поставщик Б;DEMO-B510;2025-12;DEMO-B510-2025-12-2;DEMO-C002;4
Демо-поставщик Б;DEMO-B510;2025-12;DEMO-B510-2025-12-3;DEMO-C003;4
Демо-поставщик Б;DEMO-B510;2025-12;DEMO-B510-2025-12-4;DEMO-C004;4
Демо-поставщик Б;DEMO-B510;2026-01;DEMO-B510-2026-01-1;DEMO-C001;5
Демо-поставщик Б;DEMO-B510;2026-01;DEMO-B510-2026-01-2;DEMO-C002;5
Демо-поставщик Б;DEMO-B510;2026-01;DEMO-B510-2026-01-3;DEMO-C003;5
Демо-поставщик Б;DEMO-B510;2026-01;DEMO-B510-2026-01-4;DEMO-C004;5
Демо-поставщик Б;DEMO-B510;2026-02;DEMO-B510-2026-02-1;DEMO-C001;5
Демо-поставщик Б;DEMO-B510;2026-02;DEMO-B510-2026-02-2;DEMO-C002;5
Демо-поставщик Б;DEMO-B510;2026-02;DEMO-B510-2026-02-3;DEMO-C003;5
Демо-поставщик Б;DEMO-B510;2026-02;DEMO-B510-2026-02-4;DEMO-C004;5
Демо-поставщик Б;DEMO-B510;2026-03;DEMO-B510-2026-03-1;DEMO-C001;5
Демо-поставщик Б;DEMO-B510;2026-03;DEMO-B510-2026-03-2;DEMO-C002;5
Демо-поставщик Б;DEMO-B510;2026-03;DEMO-B510-2026-03-3;DEMO-C003;5
Демо-поставщик Б;DEMO-B510;2026-03;DEMO-B510-2026-03-4;DEMO-C004;5
Демо-поставщик Б;DEMO-B510;2026-04;DEMO-B510-2026-04-1;DEMO-C001;5
Демо-поставщик Б;DEMO-B510;2026-04;DEMO-B510-2026-04-2;DEMO-C002;5
Демо-поставщик Б;DEMO-B510;2026-04;DEMO-B510-2026-04-3;DEMO-C003;5
Демо-поставщик Б;DEMO-B510;2026-04;DEMO-B510-2026-04-4;DEMO-C004;5
Демо-поставщик Б;DEMO-B510;2026-05;DEMO-B510-2026-05-1;DEMO-C001;5
Демо-поставщик Б;DEMO-B510;2026-05;DEMO-B510-2026-05-2;DEMO-C002;5
Демо-поставщик Б;DEMO-B510;2026-05;DEMO-B510-2026-05-3;DEMO-C003;5
Демо-поставщик Б;DEMO-B510;2026-05;DEMO-B510-2026-05-4;DEMO-C004;5
Демо-поставщик Б;DEMO-B510;2026-06;DEMO-B510-2026-06-1;DEMO-C001;5
Демо-поставщик Б;DEMO-B510;2026-06;DEMO-B510-2026-06-2;DEMO-C002;5
Демо-поставщик Б;DEMO-B510;2026-06;DEMO-B510-2026-06-3;DEMO-C003;5
Демо-поставщик Б;DEMO-B510;2026-06;DEMO-B510-2026-06-4;DEMO-C004;5
Демо-поставщик Б;DEMO-B510;2026-07;DEMO-B510-2026-07-1;DEMO-C001;5
Демо-поставщик Б;DEMO-B510;2026-07;DEMO-B510-2026-07-2;DEMO-C002;5
Демо-поставщик Б;DEMO-B510;2026-07;DEMO-B510-2026-07-3;DEMO-C003;5
Демо-поставщик Б;DEMO-B510;2026-07;DEMO-B510-2026-07-4;DEMO-C004;5
Демо-поставщик Б;DEMO-B510;2026-08;DEMO-B510-2026-08-1;DEMO-C001;5
Демо-поставщик Б;DEMO-B510;2026-08;DEMO-B510-2026-08-2;DEMO-C002;5
Демо-поставщик Б;DEMO-B510;2026-08;DEMO-B510-2026-08-3;DEMO-C003;5
Демо-поставщик Б;DEMO-B510;2026-08;DEMO-B510-2026-08-4;DEMO-C004;5
Демо-поставщик Б;DEMO-B620;2024-01;DEMO-B620-2024-01-1;DEMO-C001;11
Демо-поставщик Б;DEMO-B620;2024-01;DEMO-B620-2024-01-2;DEMO-C002;11
Демо-поставщик Б;DEMO-B620;2024-01;DEMO-B620-2024-01-3;DEMO-C003;10
Демо-поставщик Б;DEMO-B620;2024-01;DEMO-B620-2024-01-4;DEMO-C004;10
Демо-поставщик Б;DEMO-B620;2024-02;DEMO-B620-2024-02-1;DEMO-C001;11
Демо-поставщик Б;DEMO-B620;2024-02;DEMO-B620-2024-02-2;DEMO-C002;11
Демо-поставщик Б;DEMO-B620;2024-02;DEMO-B620-2024-02-3;DEMO-C003;10
Демо-поставщик Б;DEMO-B620;2024-02;DEMO-B620-2024-02-4;DEMO-C004;10
Демо-поставщик Б;DEMO-B620;2024-03;DEMO-B620-2024-03-1;DEMO-C001;11
Демо-поставщик Б;DEMO-B620;2024-03;DEMO-B620-2024-03-2;DEMO-C002;11
Демо-поставщик Б;DEMO-B620;2024-03;DEMO-B620-2024-03-3;DEMO-C003;10
Демо-поставщик Б;DEMO-B620;2024-03;DEMO-B620-2024-03-4;DEMO-C004;10
Демо-поставщик Б;DEMO-B620;2024-04;DEMO-B620-2024-04-1;DEMO-C001;11
Демо-поставщик Б;DEMO-B620;2024-04;DEMO-B620-2024-04-2;DEMO-C002;11
Демо-поставщик Б;DEMO-B620;2024-04;DEMO-B620-2024-04-3;DEMO-C003;10
Демо-поставщик Б;DEMO-B620;2024-04;DEMO-B620-2024-04-4;DEMO-C004;10
Демо-поставщик Б;DEMO-B620;2024-05;DEMO-B620-2024-05-1;DEMO-C001;11
Демо-поставщик Б;DEMO-B620;2024-05;DEMO-B620-2024-05-2;DEMO-C002;11
Демо-поставщик Б;DEMO-B620;2024-05;DEMO-B620-2024-05-3;DEMO-C003;10
Демо-поставщик Б;DEMO-B620;2024-05;DEMO-B620-2024-05-4;DEMO-C004;10
Демо-поставщик Б;DEMO-B620;2024-06;DEMO-B620-2024-06-1;DEMO-C001;11
Демо-поставщик Б;DEMO-B620;2024-06;DEMO-B620-2024-06-2;DEMO-C002;11
Демо-поставщик Б;DEMO-B620;2024-06;DEMO-B620-2024-06-3;DEMO-C003;10
Демо-поставщик Б;DEMO-B620;2024-06;DEMO-B620-2024-06-4;DEMO-C004;10
Демо-поставщик Б;DEMO-B620;2024-07;DEMO-B620-2024-07-1;DEMO-C001;11
Демо-поставщик Б;DEMO-B620;2024-07;DEMO-B620-2024-07-2;DEMO-C002;11
Демо-поставщик Б;DEMO-B620;2024-07;DEMO-B620-2024-07-3;DEMO-C003;10
Демо-поставщик Б;DEMO-B620;2024-07;DEMO-B620-2024-07-4;DEMO-C004;10
Демо-поставщик Б;DEMO-B620;2024-08;DEMO-B620-2024-08-1;DEMO-C001;11
Демо-поставщик Б;DEMO-B620;2024-08;DEMO-B620-2024-08-2;DEMO-C002;11
Демо-поставщик Б;DEMO-B620;2024-08;DEMO-B620-2024-08-3;DEMO-C003;10
Демо-поставщик Б;DEMO-B620;2024-08;DEMO-B620-2024-08-4;DEMO-C004;10
Демо-поставщик Б;DEMO-B620;2024-09;DEMO-B620-2024-09-1;DEMO-C001;11
Демо-поставщик Б;DEMO-B620;2024-09;DEMO-B620-2024-09-2;DEMO-C002;11
Демо-поставщик Б;DEMO-B620;2024-09;DEMO-B620-2024-09-3;DEMO-C003;10
Демо-поставщик Б;DEMO-B620;2024-09;DEMO-B620-2024-09-4;DEMO-C004;10
Демо-поставщик Б;DEMO-B620;2024-10;DEMO-B620-2024-10-1;DEMO-C001;11
Демо-поставщик Б;DEMO-B620;2024-10;DEMO-B620-2024-10-2;DEMO-C002;11
Демо-поставщик Б;DEMO-B620;2024-10;DEMO-B620-2024-10-3;DEMO-C003;10
Демо-поставщик Б;DEMO-B620;2024-10;DEMO-B620-2024-10-4;DEMO-C004;10
Демо-поставщик Б;DEMO-B620;2024-11;DEMO-B620-2024-11-1;DEMO-C001;11
Демо-поставщик Б;DEMO-B620;2024-11;DEMO-B620-2024-11-2;DEMO-C002;11
Демо-поставщик Б;DEMO-B620;2024-11;DEMO-B620-2024-11-3;DEMO-C003;10
Демо-поставщик Б;DEMO-B620;2024-11;DEMO-B620-2024-11-4;DEMO-C004;10
Демо-поставщик Б;DEMO-B620;2024-12;DEMO-B620-2024-12-1;DEMO-C001;11
Демо-поставщик Б;DEMO-B620;2024-12;DEMO-B620-2024-12-2;DEMO-C002;11
Демо-поставщик Б;DEMO-B620;2024-12;DEMO-B620-2024-12-3;DEMO-C003;10
Демо-поставщик Б;DEMO-B620;2024-12;DEMO-B620-2024-12-4;DEMO-C004;10
Демо-поставщик Б;DEMO-B620;2025-01;DEMO-B620-2025-01-1;DEMO-C001;11
Демо-поставщик Б;DEMO-B620;2025-01;DEMO-B620-2025-01-2;DEMO-C002;11
Демо-поставщик Б;DEMO-B620;2025-01;DEMO-B620-2025-01-3;DEMO-C003;10
Демо-поставщик Б;DEMO-B620;2025-01;DEMO-B620-2025-01-4;DEMO-C004;10
Демо-поставщик Б;DEMO-B620;2025-02;DEMO-B620-2025-02-1;DEMO-C001;11
Демо-поставщик Б;DEMO-B620;2025-02;DEMO-B620-2025-02-2;DEMO-C002;11
Демо-поставщик Б;DEMO-B620;2025-02;DEMO-B620-2025-02-3;DEMO-C003;10
Демо-поставщик Б;DEMO-B620;2025-02;DEMO-B620-2025-02-4;DEMO-C004;10
Демо-поставщик Б;DEMO-B620;2025-03;DEMO-B620-2025-03-1;DEMO-C001;11
Демо-поставщик Б;DEMO-B620;2025-03;DEMO-B620-2025-03-2;DEMO-C002;11
Демо-поставщик Б;DEMO-B620;2025-03;DEMO-B620-2025-03-3;DEMO-C003;10
Демо-поставщик Б;DEMO-B620;2025-03;DEMO-B620-2025-03-4;DEMO-C004;10
Демо-поставщик Б;DEMO-B620;2025-04;DEMO-B620-2025-04-1;DEMO-C001;11
Демо-поставщик Б;DEMO-B620;2025-04;DEMO-B620-2025-04-2;DEMO-C002;11
Демо-поставщик Б;DEMO-B620;2025-04;DEMO-B620-2025-04-3;DEMO-C003;10
Демо-поставщик Б;DEMO-B620;2025-04;DEMO-B620-2025-04-4;DEMO-C004;10
Демо-поставщик Б;DEMO-B620;2025-05;DEMO-B620-2025-05-1;DEMO-C001;11
Демо-поставщик Б;DEMO-B620;2025-05;DEMO-B620-2025-05-2;DEMO-C002;11
Демо-поставщик Б;DEMO-B620;2025-05;DEMO-B620-2025-05-3;DEMO-C003;10
Демо-поставщик Б;DEMO-B620;2025-05;DEMO-B620-2025-05-4;DEMO-C004;10
Демо-поставщик Б;DEMO-B620;2025-06;DEMO-B620-2025-06-1;DEMO-C001;11
Демо-поставщик Б;DEMO-B620;2025-06;DEMO-B620-2025-06-2;DEMO-C002;11
Демо-поставщик Б;DEMO-B620;2025-06;DEMO-B620-2025-06-3;DEMO-C003;10
Демо-поставщик Б;DEMO-B620;2025-06;DEMO-B620-2025-06-4;DEMO-C004;10
Демо-поставщик Б;DEMO-B620;2025-07;DEMO-B620-2025-07-1;DEMO-C001;11
Демо-поставщик Б;DEMO-B620;2025-07;DEMO-B620-2025-07-2;DEMO-C002;11
Демо-поставщик Б;DEMO-B620;2025-07;DEMO-B620-2025-07-3;DEMO-C003;10
Демо-поставщик Б;DEMO-B620;2025-07;DEMO-B620-2025-07-4;DEMO-C004;10
Демо-поставщик Б;DEMO-B620;2025-08;DEMO-B620-2025-08-1;DEMO-C001;11
Демо-поставщик Б;DEMO-B620;2025-08;DEMO-B620-2025-08-2;DEMO-C002;11
Демо-поставщик Б;DEMO-B620;2025-08;DEMO-B620-2025-08-3;DEMO-C003;10
Демо-поставщик Б;DEMO-B620;2025-08;DEMO-B620-2025-08-4;DEMO-C004;10
Демо-поставщик Б;DEMO-B620;2025-09;DEMO-B620-2025-09-1;DEMO-C001;11
Демо-поставщик Б;DEMO-B620;2025-09;DEMO-B620-2025-09-2;DEMO-C002;11
Демо-поставщик Б;DEMO-B620;2025-09;DEMO-B620-2025-09-3;DEMO-C003;10
Демо-поставщик Б;DEMO-B620;2025-09;DEMO-B620-2025-09-4;DEMO-C004;10
Демо-поставщик Б;DEMO-B620;2025-10;DEMO-B620-2025-10-1;DEMO-C001;11
Демо-поставщик Б;DEMO-B620;2025-10;DEMO-B620-2025-10-2;DEMO-C002;11
Демо-поставщик Б;DEMO-B620;2025-10;DEMO-B620-2025-10-3;DEMO-C003;10
Демо-поставщик Б;DEMO-B620;2025-10;DEMO-B620-2025-10-4;DEMO-C004;10
Демо-поставщик Б;DEMO-B620;2025-11;DEMO-B620-2025-11-1;DEMO-C001;11
Демо-поставщик Б;DEMO-B620;2025-11;DEMO-B620-2025-11-2;DEMO-C002;11
Демо-поставщик Б;DEMO-B620;2025-11;DEMO-B620-2025-11-3;DEMO-C003;10
Демо-поставщик Б;DEMO-B620;2025-11;DEMO-B620-2025-11-4;DEMO-C004;10
Демо-поставщик Б;DEMO-B620;2025-12;DEMO-B620-2025-12-1;DEMO-C001;11
Демо-поставщик Б;DEMO-B620;2025-12;DEMO-B620-2025-12-2;DEMO-C002;11
Демо-поставщик Б;DEMO-B620;2025-12;DEMO-B620-2025-12-3;DEMO-C003;10
Демо-поставщик Б;DEMO-B620;2025-12;DEMO-B620-2025-12-4;DEMO-C004;10
Демо-поставщик Б;DEMO-B620;2026-01;DEMO-B620-2026-01-1;DEMO-C001;11
Демо-поставщик Б;DEMO-B620;2026-01;DEMO-B620-2026-01-2;DEMO-C002;11
Демо-поставщик Б;DEMO-B620;2026-01;DEMO-B620-2026-01-3;DEMO-C003;10
Демо-поставщик Б;DEMO-B620;2026-01;DEMO-B620-2026-01-4;DEMO-C004;10
Демо-поставщик Б;DEMO-B620;2026-02;DEMO-B620-2026-02-1;DEMO-C001;11
Демо-поставщик Б;DEMO-B620;2026-02;DEMO-B620-2026-02-2;DEMO-C002;11
Демо-поставщик Б;DEMO-B620;2026-02;DEMO-B620-2026-02-3;DEMO-C003;10
Демо-поставщик Б;DEMO-B620;2026-02;DEMO-B620-2026-02-4;DEMO-C004;10
Демо-поставщик Б;DEMO-B620;2026-03;DEMO-B620-2026-03-1;DEMO-C001;11
Демо-поставщик Б;DEMO-B620;2026-03;DEMO-B620-2026-03-2;DEMO-C002;11
Демо-поставщик Б;DEMO-B620;2026-03;DEMO-B620-2026-03-3;DEMO-C003;10
Демо-поставщик Б;DEMO-B620;2026-03;DEMO-B620-2026-03-4;DEMO-C004;10
Демо-поставщик Б;DEMO-B620;2026-04;DEMO-B620-2026-04-1;DEMO-C001;11
Демо-поставщик Б;DEMO-B620;2026-04;DEMO-B620-2026-04-2;DEMO-C002;11
Демо-поставщик Б;DEMO-B620;2026-04;DEMO-B620-2026-04-3;DEMO-C003;10
Демо-поставщик Б;DEMO-B620;2026-04;DEMO-B620-2026-04-4;DEMO-C004;10
Демо-поставщик Б;DEMO-B620;2026-05;DEMO-B620-2026-05-1;DEMO-C001;11
Демо-поставщик Б;DEMO-B620;2026-05;DEMO-B620-2026-05-2;DEMO-C002;11
Демо-поставщик Б;DEMO-B620;2026-05;DEMO-B620-2026-05-3;DEMO-C003;10
Демо-поставщик Б;DEMO-B620;2026-05;DEMO-B620-2026-05-4;DEMO-C004;10
Демо-поставщик Б;DEMO-B620;2026-06;DEMO-B620-2026-06-1;DEMO-C001;11
Демо-поставщик Б;DEMO-B620;2026-06;DEMO-B620-2026-06-2;DEMO-C002;11
Демо-поставщик Б;DEMO-B620;2026-06;DEMO-B620-2026-06-3;DEMO-C003;10
Демо-поставщик Б;DEMO-B620;2026-06;DEMO-B620-2026-06-4;DEMO-C004;10
Демо-поставщик Б;DEMO-B620;2026-07;DEMO-B620-2026-07-1;DEMO-C001;11
Демо-поставщик Б;DEMO-B620;2026-07;DEMO-B620-2026-07-2;DEMO-C002;11
Демо-поставщик Б;DEMO-B620;2026-07;DEMO-B620-2026-07-3;DEMO-C003;10
Демо-поставщик Б;DEMO-B620;2026-07;DEMO-B620-2026-07-4;DEMO-C004;10
Демо-поставщик Б;DEMO-B620;2026-08;DEMO-B620-2026-08-1;DEMO-C001;11
Демо-поставщик Б;DEMO-B620;2026-08;DEMO-B620-2026-08-2;DEMO-C002;11
Демо-поставщик Б;DEMO-B620;2026-08;DEMO-B620-2026-08-3;DEMO-C003;10
Демо-поставщик Б;DEMO-B620;2026-08;DEMO-B620-2026-08-4;DEMO-C004;10
Демо-поставщик А;DEMO-A505;2024-01;DEMO-A505-2024-01-1;DEMO-C001;2
Демо-поставщик А;DEMO-A505;2024-01;DEMO-A505-2024-01-2;DEMO-C002;2
Демо-поставщик А;DEMO-A505;2024-01;DEMO-A505-2024-01-3;DEMO-C003;2
Демо-поставщик А;DEMO-A505;2024-01;DEMO-A505-2024-01-4;DEMO-C004;2
Демо-поставщик А;DEMO-A505;2024-02;DEMO-A505-2024-02-1;DEMO-C001;2
Демо-поставщик А;DEMO-A505;2024-02;DEMO-A505-2024-02-2;DEMO-C002;2
Демо-поставщик А;DEMO-A505;2024-02;DEMO-A505-2024-02-3;DEMO-C003;2
Демо-поставщик А;DEMO-A505;2024-02;DEMO-A505-2024-02-4;DEMO-C004;2
Демо-поставщик А;DEMO-A505;2024-03;DEMO-A505-2024-03-1;DEMO-C001;2
Демо-поставщик А;DEMO-A505;2024-03;DEMO-A505-2024-03-2;DEMO-C002;2
Демо-поставщик А;DEMO-A505;2024-03;DEMO-A505-2024-03-3;DEMO-C003;2
Демо-поставщик А;DEMO-A505;2024-03;DEMO-A505-2024-03-4;DEMO-C004;2
Демо-поставщик А;DEMO-A505;2024-04;DEMO-A505-2024-04-1;DEMO-C001;2
Демо-поставщик А;DEMO-A505;2024-04;DEMO-A505-2024-04-2;DEMO-C002;2
Демо-поставщик А;DEMO-A505;2024-04;DEMO-A505-2024-04-3;DEMO-C003;2
Демо-поставщик А;DEMO-A505;2024-04;DEMO-A505-2024-04-4;DEMO-C004;2
Демо-поставщик А;DEMO-A505;2024-05;DEMO-A505-2024-05-1;DEMO-C001;2
Демо-поставщик А;DEMO-A505;2024-05;DEMO-A505-2024-05-2;DEMO-C002;2
Демо-поставщик А;DEMO-A505;2024-05;DEMO-A505-2024-05-3;DEMO-C003;2
Демо-поставщик А;DEMO-A505;2024-05;DEMO-A505-2024-05-4;DEMO-C004;2
Демо-поставщик А;DEMO-A505;2024-06;DEMO-A505-2024-06-1;DEMO-C001;2
Демо-поставщик А;DEMO-A505;2024-06;DEMO-A505-2024-06-2;DEMO-C002;2
Демо-поставщик А;DEMO-A505;2024-06;DEMO-A505-2024-06-3;DEMO-C003;2
Демо-поставщик А;DEMO-A505;2024-06;DEMO-A505-2024-06-4;DEMO-C004;2
Демо-поставщик А;DEMO-A505;2024-07;DEMO-A505-2024-07-1;DEMO-C001;2
Демо-поставщик А;DEMO-A505;2024-07;DEMO-A505-2024-07-2;DEMO-C002;2
Демо-поставщик А;DEMO-A505;2024-07;DEMO-A505-2024-07-3;DEMO-C003;2
Демо-поставщик А;DEMO-A505;2024-07;DEMO-A505-2024-07-4;DEMO-C004;2
Демо-поставщик А;DEMO-A505;2024-08;DEMO-A505-2024-08-1;DEMO-C001;2
Демо-поставщик А;DEMO-A505;2024-08;DEMO-A505-2024-08-2;DEMO-C002;2
Демо-поставщик А;DEMO-A505;2024-08;DEMO-A505-2024-08-3;DEMO-C003;2
Демо-поставщик А;DEMO-A505;2024-08;DEMO-A505-2024-08-4;DEMO-C004;2
Демо-поставщик А;DEMO-A505;2024-09;DEMO-A505-2024-09-1;DEMO-C001;2
Демо-поставщик А;DEMO-A505;2024-09;DEMO-A505-2024-09-2;DEMO-C002;2
Демо-поставщик А;DEMO-A505;2024-09;DEMO-A505-2024-09-3;DEMO-C003;2
Демо-поставщик А;DEMO-A505;2024-09;DEMO-A505-2024-09-4;DEMO-C004;2
Демо-поставщик А;DEMO-A505;2024-10;DEMO-A505-2024-10-1;DEMO-C001;2
Демо-поставщик А;DEMO-A505;2024-10;DEMO-A505-2024-10-2;DEMO-C002;2
Демо-поставщик А;DEMO-A505;2024-10;DEMO-A505-2024-10-3;DEMO-C003;2
Демо-поставщик А;DEMO-A505;2024-10;DEMO-A505-2024-10-4;DEMO-C004;2
Демо-поставщик А;DEMO-A505;2024-11;DEMO-A505-2024-11-1;DEMO-C001;2
Демо-поставщик А;DEMO-A505;2024-11;DEMO-A505-2024-11-2;DEMO-C002;2
Демо-поставщик А;DEMO-A505;2024-11;DEMO-A505-2024-11-3;DEMO-C003;2
Демо-поставщик А;DEMO-A505;2024-11;DEMO-A505-2024-11-4;DEMO-C004;2
Демо-поставщик А;DEMO-A505;2024-12;DEMO-A505-2024-12-1;DEMO-C001;2
Демо-поставщик А;DEMO-A505;2024-12;DEMO-A505-2024-12-2;DEMO-C002;2
Демо-поставщик А;DEMO-A505;2024-12;DEMO-A505-2024-12-3;DEMO-C003;2
Демо-поставщик А;DEMO-A505;2024-12;DEMO-A505-2024-12-4;DEMO-C004;2
Демо-поставщик А;DEMO-A505;2025-01;DEMO-A505-2025-01-1;DEMO-C001;2
Демо-поставщик А;DEMO-A505;2025-01;DEMO-A505-2025-01-2;DEMO-C002;2
Демо-поставщик А;DEMO-A505;2025-01;DEMO-A505-2025-01-3;DEMO-C003;2
Демо-поставщик А;DEMO-A505;2025-01;DEMO-A505-2025-01-4;DEMO-C004;2
Демо-поставщик А;DEMO-A505;2025-02;DEMO-A505-2025-02-1;DEMO-C001;2
Демо-поставщик А;DEMO-A505;2025-02;DEMO-A505-2025-02-2;DEMO-C002;2
Демо-поставщик А;DEMO-A505;2025-02;DEMO-A505-2025-02-3;DEMO-C003;2
Демо-поставщик А;DEMO-A505;2025-02;DEMO-A505-2025-02-4;DEMO-C004;2
Демо-поставщик А;DEMO-A505;2025-03;DEMO-A505-2025-03-1;DEMO-C001;2
Демо-поставщик А;DEMO-A505;2025-03;DEMO-A505-2025-03-2;DEMO-C002;2
Демо-поставщик А;DEMO-A505;2025-03;DEMO-A505-2025-03-3;DEMO-C003;2
Демо-поставщик А;DEMO-A505;2025-03;DEMO-A505-2025-03-4;DEMO-C004;2
Демо-поставщик А;DEMO-A505;2025-04;DEMO-A505-2025-04-1;DEMO-C001;2
Демо-поставщик А;DEMO-A505;2025-04;DEMO-A505-2025-04-2;DEMO-C002;2
Демо-поставщик А;DEMO-A505;2025-04;DEMO-A505-2025-04-3;DEMO-C003;2
Демо-поставщик А;DEMO-A505;2025-04;DEMO-A505-2025-04-4;DEMO-C004;2
Демо-поставщик А;DEMO-A505;2025-05;DEMO-A505-2025-05-1;DEMO-C001;2
Демо-поставщик А;DEMO-A505;2025-05;DEMO-A505-2025-05-2;DEMO-C002;2
Демо-поставщик А;DEMO-A505;2025-05;DEMO-A505-2025-05-3;DEMO-C003;2
Демо-поставщик А;DEMO-A505;2025-05;DEMO-A505-2025-05-4;DEMO-C004;2
Демо-поставщик А;DEMO-A505;2025-06;DEMO-A505-2025-06-1;DEMO-C001;2
Демо-поставщик А;DEMO-A505;2025-06;DEMO-A505-2025-06-2;DEMO-C002;2
Демо-поставщик А;DEMO-A505;2025-06;DEMO-A505-2025-06-3;DEMO-C003;2
Демо-поставщик А;DEMO-A505;2025-06;DEMO-A505-2025-06-4;DEMO-C004;2
Демо-поставщик А;DEMO-A505;2025-07;DEMO-A505-2025-07-1;DEMO-C001;2
Демо-поставщик А;DEMO-A505;2025-07;DEMO-A505-2025-07-2;DEMO-C002;2
Демо-поставщик А;DEMO-A505;2025-07;DEMO-A505-2025-07-3;DEMO-C003;2
Демо-поставщик А;DEMO-A505;2025-07;DEMO-A505-2025-07-4;DEMO-C004;2
Демо-поставщик А;DEMO-A505;2025-08;DEMO-A505-2025-08-1;DEMO-C001;2
Демо-поставщик А;DEMO-A505;2025-08;DEMO-A505-2025-08-2;DEMO-C002;2
Демо-поставщик А;DEMO-A505;2025-08;DEMO-A505-2025-08-3;DEMO-C003;2
Демо-поставщик А;DEMO-A505;2025-08;DEMO-A505-2025-08-4;DEMO-C004;2
Демо-поставщик А;DEMO-A505;2025-09;DEMO-A505-2025-09-1;DEMO-C001;2
Демо-поставщик А;DEMO-A505;2025-09;DEMO-A505-2025-09-2;DEMO-C002;2
Демо-поставщик А;DEMO-A505;2025-09;DEMO-A505-2025-09-3;DEMO-C003;2
Демо-поставщик А;DEMO-A505;2025-09;DEMO-A505-2025-09-4;DEMO-C004;2
Демо-поставщик А;DEMO-A505;2025-10;DEMO-A505-2025-10-1;DEMO-C001;2
Демо-поставщик А;DEMO-A505;2025-10;DEMO-A505-2025-10-2;DEMO-C002;2
Демо-поставщик А;DEMO-A505;2025-10;DEMO-A505-2025-10-3;DEMO-C003;2
Демо-поставщик А;DEMO-A505;2025-10;DEMO-A505-2025-10-4;DEMO-C004;2
Демо-поставщик А;DEMO-A505;2025-11;DEMO-A505-2025-11-1;DEMO-C001;2
Демо-поставщик А;DEMO-A505;2025-11;DEMO-A505-2025-11-2;DEMO-C002;2
Демо-поставщик А;DEMO-A505;2025-11;DEMO-A505-2025-11-3;DEMO-C003;2
Демо-поставщик А;DEMO-A505;2025-11;DEMO-A505-2025-11-4;DEMO-C004;2
Демо-поставщик А;DEMO-A505;2025-12;DEMO-A505-2025-12-1;DEMO-C001;2
Демо-поставщик А;DEMO-A505;2025-12;DEMO-A505-2025-12-2;DEMO-C002;2
Демо-поставщик А;DEMO-A505;2025-12;DEMO-A505-2025-12-3;DEMO-C003;2
Демо-поставщик А;DEMO-A505;2025-12;DEMO-A505-2025-12-4;DEMO-C004;2
Демо-поставщик А;DEMO-A505;2026-01;DEMO-A505-2026-01-1;DEMO-C001;2
Демо-поставщик А;DEMO-A505;2026-01;DEMO-A505-2026-01-2;DEMO-C002;2
Демо-поставщик А;DEMO-A505;2026-01;DEMO-A505-2026-01-3;DEMO-C003;2
Демо-поставщик А;DEMO-A505;2026-01;DEMO-A505-2026-01-4;DEMO-C004;2
Демо-поставщик А;DEMO-A505;2026-02;DEMO-A505-2026-02-1;DEMO-C001;2
Демо-поставщик А;DEMO-A505;2026-02;DEMO-A505-2026-02-2;DEMO-C002;2
Демо-поставщик А;DEMO-A505;2026-02;DEMO-A505-2026-02-3;DEMO-C003;2
Демо-поставщик А;DEMO-A505;2026-02;DEMO-A505-2026-02-4;DEMO-C004;2
Демо-поставщик А;DEMO-A505;2026-03;DEMO-A505-2026-03-1;DEMO-C001;2
Демо-поставщик А;DEMO-A505;2026-03;DEMO-A505-2026-03-2;DEMO-C002;2
Демо-поставщик А;DEMO-A505;2026-03;DEMO-A505-2026-03-3;DEMO-C003;2
Демо-поставщик А;DEMO-A505;2026-03;DEMO-A505-2026-03-4;DEMO-C004;2
Демо-поставщик А;DEMO-A505;2026-04;DEMO-A505-2026-04-1;DEMO-C001;2
Демо-поставщик А;DEMO-A505;2026-04;DEMO-A505-2026-04-2;DEMO-C002;2
Демо-поставщик А;DEMO-A505;2026-04;DEMO-A505-2026-04-3;DEMO-C003;2
Демо-поставщик А;DEMO-A505;2026-04;DEMO-A505-2026-04-4;DEMO-C004;2
Демо-поставщик А;DEMO-A505;2026-05;DEMO-A505-2026-05-1;DEMO-C001;2
Демо-поставщик А;DEMO-A505;2026-05;DEMO-A505-2026-05-2;DEMO-C002;2
Демо-поставщик А;DEMO-A505;2026-05;DEMO-A505-2026-05-3;DEMO-C003;2
Демо-поставщик А;DEMO-A505;2026-05;DEMO-A505-2026-05-4;DEMO-C004;2
Демо-поставщик А;DEMO-A505;2026-06;DEMO-A505-2026-06-1;DEMO-C001;2
Демо-поставщик А;DEMO-A505;2026-06;DEMO-A505-2026-06-2;DEMO-C002;2
Демо-поставщик А;DEMO-A505;2026-06;DEMO-A505-2026-06-3;DEMO-C003;2
Демо-поставщик А;DEMO-A505;2026-06;DEMO-A505-2026-06-4;DEMO-C004;2
Демо-поставщик А;DEMO-A505;2026-07;DEMO-A505-2026-07-1;DEMO-C001;2
Демо-поставщик А;DEMO-A505;2026-07;DEMO-A505-2026-07-2;DEMO-C002;2
Демо-поставщик А;DEMO-A505;2026-07;DEMO-A505-2026-07-3;DEMO-C003;2
Демо-поставщик А;DEMO-A505;2026-07;DEMO-A505-2026-07-4;DEMO-C004;2
Демо-поставщик А;DEMO-A505;2026-08;DEMO-A505-2026-08-1;DEMO-C001;2
Демо-поставщик А;DEMO-A505;2026-08;DEMO-A505-2026-08-2;DEMO-C002;2
Демо-поставщик А;DEMO-A505;2026-08;DEMO-A505-2026-08-3;DEMO-C003;2
Демо-поставщик А;DEMO-A505;2026-08;DEMO-A505-2026-08-4;DEMO-C004;2
Демо-поставщик Б;DEMO-B730;2024-01;DEMO-B730-2024-01-1;DEMO-C001;3
Демо-поставщик Б;DEMO-B730;2024-01;DEMO-B730-2024-01-2;DEMO-C002;3
Демо-поставщик Б;DEMO-B730;2024-01;DEMO-B730-2024-01-3;DEMO-C003;3
Демо-поставщик Б;DEMO-B730;2024-01;DEMO-B730-2024-01-4;DEMO-C004;2
Демо-поставщик Б;DEMO-B730;2024-02;DEMO-B730-2024-02-1;DEMO-C001;3
Демо-поставщик Б;DEMO-B730;2024-02;DEMO-B730-2024-02-2;DEMO-C002;3
Демо-поставщик Б;DEMO-B730;2024-02;DEMO-B730-2024-02-3;DEMO-C003;3
Демо-поставщик Б;DEMO-B730;2024-02;DEMO-B730-2024-02-4;DEMO-C004;2
Демо-поставщик Б;DEMO-B730;2024-03;DEMO-B730-2024-03-1;DEMO-C001;3
Демо-поставщик Б;DEMO-B730;2024-03;DEMO-B730-2024-03-2;DEMO-C002;3
Демо-поставщик Б;DEMO-B730;2024-03;DEMO-B730-2024-03-3;DEMO-C003;3
Демо-поставщик Б;DEMO-B730;2024-03;DEMO-B730-2024-03-4;DEMO-C004;2
Демо-поставщик Б;DEMO-B730;2024-04;DEMO-B730-2024-04-1;DEMO-C001;3
Демо-поставщик Б;DEMO-B730;2024-04;DEMO-B730-2024-04-2;DEMO-C002;3
Демо-поставщик Б;DEMO-B730;2024-04;DEMO-B730-2024-04-3;DEMO-C003;3
Демо-поставщик Б;DEMO-B730;2024-04;DEMO-B730-2024-04-4;DEMO-C004;2
Демо-поставщик Б;DEMO-B730;2024-05;DEMO-B730-2024-05-1;DEMO-C001;3
Демо-поставщик Б;DEMO-B730;2024-05;DEMO-B730-2024-05-2;DEMO-C002;3
Демо-поставщик Б;DEMO-B730;2024-05;DEMO-B730-2024-05-3;DEMO-C003;3
Демо-поставщик Б;DEMO-B730;2024-05;DEMO-B730-2024-05-4;DEMO-C004;2
Демо-поставщик Б;DEMO-B730;2024-06;DEMO-B730-2024-06-1;DEMO-C001;3
Демо-поставщик Б;DEMO-B730;2024-06;DEMO-B730-2024-06-2;DEMO-C002;3
Демо-поставщик Б;DEMO-B730;2024-06;DEMO-B730-2024-06-3;DEMO-C003;3
Демо-поставщик Б;DEMO-B730;2024-06;DEMO-B730-2024-06-4;DEMO-C004;2
Демо-поставщик Б;DEMO-B730;2024-07;DEMO-B730-2024-07-1;DEMO-C001;3
Демо-поставщик Б;DEMO-B730;2024-07;DEMO-B730-2024-07-2;DEMO-C002;3
Демо-поставщик Б;DEMO-B730;2024-07;DEMO-B730-2024-07-3;DEMO-C003;3
Демо-поставщик Б;DEMO-B730;2024-07;DEMO-B730-2024-07-4;DEMO-C004;2
Демо-поставщик Б;DEMO-B730;2024-08;DEMO-B730-2024-08-1;DEMO-C001;3
Демо-поставщик Б;DEMO-B730;2024-08;DEMO-B730-2024-08-2;DEMO-C002;3
Демо-поставщик Б;DEMO-B730;2024-08;DEMO-B730-2024-08-3;DEMO-C003;3
Демо-поставщик Б;DEMO-B730;2024-08;DEMO-B730-2024-08-4;DEMO-C004;2
Демо-поставщик Б;DEMO-B730;2024-09;DEMO-B730-2024-09-1;DEMO-C001;3
Демо-поставщик Б;DEMO-B730;2024-09;DEMO-B730-2024-09-2;DEMO-C002;3
Демо-поставщик Б;DEMO-B730;2024-09;DEMO-B730-2024-09-3;DEMO-C003;3
Демо-поставщик Б;DEMO-B730;2024-09;DEMO-B730-2024-09-4;DEMO-C004;2
Демо-поставщик Б;DEMO-B730;2024-10;DEMO-B730-2024-10-1;DEMO-C001;3
Демо-поставщик Б;DEMO-B730;2024-10;DEMO-B730-2024-10-2;DEMO-C002;3
Демо-поставщик Б;DEMO-B730;2024-10;DEMO-B730-2024-10-3;DEMO-C003;3
Демо-поставщик Б;DEMO-B730;2024-10;DEMO-B730-2024-10-4;DEMO-C004;2
Демо-поставщик Б;DEMO-B730;2024-11;DEMO-B730-2024-11-1;DEMO-C001;3
Демо-поставщик Б;DEMO-B730;2024-11;DEMO-B730-2024-11-2;DEMO-C002;3
Демо-поставщик Б;DEMO-B730;2024-11;DEMO-B730-2024-11-3;DEMO-C003;3
Демо-поставщик Б;DEMO-B730;2024-11;DEMO-B730-2024-11-4;DEMO-C004;2
Демо-поставщик Б;DEMO-B730;2024-12;DEMO-B730-2024-12-1;DEMO-C001;3
Демо-поставщик Б;DEMO-B730;2024-12;DEMO-B730-2024-12-2;DEMO-C002;3
Демо-поставщик Б;DEMO-B730;2024-12;DEMO-B730-2024-12-3;DEMO-C003;3
Демо-поставщик Б;DEMO-B730;2024-12;DEMO-B730-2024-12-4;DEMO-C004;2
Демо-поставщик Б;DEMO-B730;2025-01;DEMO-B730-2025-01-1;DEMO-C001;3
Демо-поставщик Б;DEMO-B730;2025-01;DEMO-B730-2025-01-2;DEMO-C002;3
Демо-поставщик Б;DEMO-B730;2025-01;DEMO-B730-2025-01-3;DEMO-C003;3
Демо-поставщик Б;DEMO-B730;2025-01;DEMO-B730-2025-01-4;DEMO-C004;2
Демо-поставщик Б;DEMO-B730;2025-02;DEMO-B730-2025-02-1;DEMO-C001;3
Демо-поставщик Б;DEMO-B730;2025-02;DEMO-B730-2025-02-2;DEMO-C002;3
Демо-поставщик Б;DEMO-B730;2025-02;DEMO-B730-2025-02-3;DEMO-C003;3
Демо-поставщик Б;DEMO-B730;2025-02;DEMO-B730-2025-02-4;DEMO-C004;2
Демо-поставщик Б;DEMO-B730;2025-03;DEMO-B730-2025-03-1;DEMO-C001;3
Демо-поставщик Б;DEMO-B730;2025-03;DEMO-B730-2025-03-2;DEMO-C002;3
Демо-поставщик Б;DEMO-B730;2025-03;DEMO-B730-2025-03-3;DEMO-C003;3
Демо-поставщик Б;DEMO-B730;2025-03;DEMO-B730-2025-03-4;DEMO-C004;2
Демо-поставщик Б;DEMO-B730;2025-04;DEMO-B730-2025-04-1;DEMO-C001;3
Демо-поставщик Б;DEMO-B730;2025-04;DEMO-B730-2025-04-2;DEMO-C002;3
Демо-поставщик Б;DEMO-B730;2025-04;DEMO-B730-2025-04-3;DEMO-C003;3
Демо-поставщик Б;DEMO-B730;2025-04;DEMO-B730-2025-04-4;DEMO-C004;2
Демо-поставщик Б;DEMO-B730;2025-05;DEMO-B730-2025-05-1;DEMO-C001;3
Демо-поставщик Б;DEMO-B730;2025-05;DEMO-B730-2025-05-2;DEMO-C002;3
Демо-поставщик Б;DEMO-B730;2025-05;DEMO-B730-2025-05-3;DEMO-C003;3
Демо-поставщик Б;DEMO-B730;2025-05;DEMO-B730-2025-05-4;DEMO-C004;2
Демо-поставщик Б;DEMO-B730;2025-06;DEMO-B730-2025-06-1;DEMO-C001;3
Демо-поставщик Б;DEMO-B730;2025-06;DEMO-B730-2025-06-2;DEMO-C002;3
Демо-поставщик Б;DEMO-B730;2025-06;DEMO-B730-2025-06-3;DEMO-C003;3
Демо-поставщик Б;DEMO-B730;2025-06;DEMO-B730-2025-06-4;DEMO-C004;2
Демо-поставщик Б;DEMO-B730;2025-07;DEMO-B730-2025-07-1;DEMO-C001;3
Демо-поставщик Б;DEMO-B730;2025-07;DEMO-B730-2025-07-2;DEMO-C002;3
Демо-поставщик Б;DEMO-B730;2025-07;DEMO-B730-2025-07-3;DEMO-C003;3
Демо-поставщик Б;DEMO-B730;2025-07;DEMO-B730-2025-07-4;DEMO-C004;2
Демо-поставщик Б;DEMO-B730;2025-08;DEMO-B730-2025-08-1;DEMO-C001;3
Демо-поставщик Б;DEMO-B730;2025-08;DEMO-B730-2025-08-2;DEMO-C002;3
Демо-поставщик Б;DEMO-B730;2025-08;DEMO-B730-2025-08-3;DEMO-C003;3
Демо-поставщик Б;DEMO-B730;2025-08;DEMO-B730-2025-08-4;DEMO-C004;2
Демо-поставщик Б;DEMO-B730;2025-09;DEMO-B730-2025-09-1;DEMO-C001;3
Демо-поставщик Б;DEMO-B730;2025-09;DEMO-B730-2025-09-2;DEMO-C002;3
Демо-поставщик Б;DEMO-B730;2025-09;DEMO-B730-2025-09-3;DEMO-C003;3
Демо-поставщик Б;DEMO-B730;2025-09;DEMO-B730-2025-09-4;DEMO-C004;2
Демо-поставщик Б;DEMO-B730;2025-10;DEMO-B730-2025-10-1;DEMO-C001;3
Демо-поставщик Б;DEMO-B730;2025-10;DEMO-B730-2025-10-2;DEMO-C002;3
Демо-поставщик Б;DEMO-B730;2025-10;DEMO-B730-2025-10-3;DEMO-C003;3
Демо-поставщик Б;DEMO-B730;2025-10;DEMO-B730-2025-10-4;DEMO-C004;2
Демо-поставщик Б;DEMO-B730;2025-11;DEMO-B730-2025-11-1;DEMO-C001;3
Демо-поставщик Б;DEMO-B730;2025-11;DEMO-B730-2025-11-2;DEMO-C002;3
Демо-поставщик Б;DEMO-B730;2025-11;DEMO-B730-2025-11-3;DEMO-C003;3
Демо-поставщик Б;DEMO-B730;2025-11;DEMO-B730-2025-11-4;DEMO-C004;2
Демо-поставщик Б;DEMO-B730;2025-12;DEMO-B730-2025-12-1;DEMO-C001;3
Демо-поставщик Б;DEMO-B730;2025-12;DEMO-B730-2025-12-2;DEMO-C002;3
Демо-поставщик Б;DEMO-B730;2025-12;DEMO-B730-2025-12-3;DEMO-C003;3
Демо-поставщик Б;DEMO-B730;2025-12;DEMO-B730-2025-12-4;DEMO-C004;2
Демо-поставщик Б;DEMO-B730;2026-01;DEMO-B730-2026-01-1;DEMO-C001;3
Демо-поставщик Б;DEMO-B730;2026-01;DEMO-B730-2026-01-2;DEMO-C002;3
Демо-поставщик Б;DEMO-B730;2026-01;DEMO-B730-2026-01-3;DEMO-C003;3
Демо-поставщик Б;DEMO-B730;2026-01;DEMO-B730-2026-01-4;DEMO-C004;2
Демо-поставщик Б;DEMO-B730;2026-02;DEMO-B730-2026-02-1;DEMO-C001;3
Демо-поставщик Б;DEMO-B730;2026-02;DEMO-B730-2026-02-2;DEMO-C002;3
Демо-поставщик Б;DEMO-B730;2026-02;DEMO-B730-2026-02-3;DEMO-C003;3
Демо-поставщик Б;DEMO-B730;2026-02;DEMO-B730-2026-02-4;DEMO-C004;2
Демо-поставщик Б;DEMO-B730;2026-03;DEMO-B730-2026-03-1;DEMO-C001;3
Демо-поставщик Б;DEMO-B730;2026-03;DEMO-B730-2026-03-2;DEMO-C002;3
Демо-поставщик Б;DEMO-B730;2026-03;DEMO-B730-2026-03-3;DEMO-C003;3
Демо-поставщик Б;DEMO-B730;2026-03;DEMO-B730-2026-03-4;DEMO-C004;2
Демо-поставщик Б;DEMO-B730;2026-04;DEMO-B730-2026-04-1;DEMO-C001;3
Демо-поставщик Б;DEMO-B730;2026-04;DEMO-B730-2026-04-2;DEMO-C002;3
Демо-поставщик Б;DEMO-B730;2026-04;DEMO-B730-2026-04-3;DEMO-C003;3
Демо-поставщик Б;DEMO-B730;2026-04;DEMO-B730-2026-04-4;DEMO-C004;2
Демо-поставщик Б;DEMO-B730;2026-05;DEMO-B730-2026-05-1;DEMO-C001;3
Демо-поставщик Б;DEMO-B730;2026-05;DEMO-B730-2026-05-2;DEMO-C002;3
Демо-поставщик Б;DEMO-B730;2026-05;DEMO-B730-2026-05-3;DEMO-C003;3
Демо-поставщик Б;DEMO-B730;2026-05;DEMO-B730-2026-05-4;DEMO-C004;2
Демо-поставщик Б;DEMO-B730;2026-06;DEMO-B730-2026-06-1;DEMO-C001;3
Демо-поставщик Б;DEMO-B730;2026-06;DEMO-B730-2026-06-2;DEMO-C002;3
Демо-поставщик Б;DEMO-B730;2026-06;DEMO-B730-2026-06-3;DEMO-C003;3
Демо-поставщик Б;DEMO-B730;2026-06;DEMO-B730-2026-06-4;DEMO-C004;2
Демо-поставщик Б;DEMO-B730;2026-07;DEMO-B730-2026-07-1;DEMO-C001;3
Демо-поставщик Б;DEMO-B730;2026-07;DEMO-B730-2026-07-2;DEMO-C002;3
Демо-поставщик Б;DEMO-B730;2026-07;DEMO-B730-2026-07-3;DEMO-C003;3
Демо-поставщик Б;DEMO-B730;2026-07;DEMO-B730-2026-07-4;DEMO-C004;2
Демо-поставщик Б;DEMO-B730;2026-08;DEMO-B730-2026-08-1;DEMO-C001;3
Демо-поставщик Б;DEMO-B730;2026-08;DEMO-B730-2026-08-2;DEMO-C002;3
Демо-поставщик Б;DEMO-B730;2026-08;DEMO-B730-2026-08-3;DEMO-C003;3
Демо-поставщик Б;DEMO-B730;2026-08;DEMO-B730-2026-08-4;DEMO-C004;2
Демо-поставщик А;DEMO-A606;2024-01;DEMO-A606-2024-01-1;DEMO-C001;9
Демо-поставщик А;DEMO-A606;2024-01;DEMO-A606-2024-01-2;DEMO-C002;8
Демо-поставщик А;DEMO-A606;2024-01;DEMO-A606-2024-01-3;DEMO-C003;8
Демо-поставщик А;DEMO-A606;2024-01;DEMO-A606-2024-01-4;DEMO-C004;8
Демо-поставщик А;DEMO-A606;2024-02;DEMO-A606-2024-02-1;DEMO-C001;9
Демо-поставщик А;DEMO-A606;2024-02;DEMO-A606-2024-02-2;DEMO-C002;8
Демо-поставщик А;DEMO-A606;2024-02;DEMO-A606-2024-02-3;DEMO-C003;8
Демо-поставщик А;DEMO-A606;2024-02;DEMO-A606-2024-02-4;DEMO-C004;8
Демо-поставщик А;DEMO-A606;2024-03;DEMO-A606-2024-03-1;DEMO-C001;9
Демо-поставщик А;DEMO-A606;2024-03;DEMO-A606-2024-03-2;DEMO-C002;8
Демо-поставщик А;DEMO-A606;2024-03;DEMO-A606-2024-03-3;DEMO-C003;8
Демо-поставщик А;DEMO-A606;2024-03;DEMO-A606-2024-03-4;DEMO-C004;8
Демо-поставщик А;DEMO-A606;2024-04;DEMO-A606-2024-04-1;DEMO-C001;9
Демо-поставщик А;DEMO-A606;2024-04;DEMO-A606-2024-04-2;DEMO-C002;8
Демо-поставщик А;DEMO-A606;2024-04;DEMO-A606-2024-04-3;DEMO-C003;8
Демо-поставщик А;DEMO-A606;2024-04;DEMO-A606-2024-04-4;DEMO-C004;8
Демо-поставщик А;DEMO-A606;2024-05;DEMO-A606-2024-05-1;DEMO-C001;9
Демо-поставщик А;DEMO-A606;2024-05;DEMO-A606-2024-05-2;DEMO-C002;8
Демо-поставщик А;DEMO-A606;2024-05;DEMO-A606-2024-05-3;DEMO-C003;8
Демо-поставщик А;DEMO-A606;2024-05;DEMO-A606-2024-05-4;DEMO-C004;8
Демо-поставщик А;DEMO-A606;2024-06;DEMO-A606-2024-06-1;DEMO-C001;9
Демо-поставщик А;DEMO-A606;2024-06;DEMO-A606-2024-06-2;DEMO-C002;8
Демо-поставщик А;DEMO-A606;2024-06;DEMO-A606-2024-06-3;DEMO-C003;8
Демо-поставщик А;DEMO-A606;2024-06;DEMO-A606-2024-06-4;DEMO-C004;8
Демо-поставщик А;DEMO-A606;2024-07;DEMO-A606-2024-07-1;DEMO-C001;9
Демо-поставщик А;DEMO-A606;2024-07;DEMO-A606-2024-07-2;DEMO-C002;8
Демо-поставщик А;DEMO-A606;2024-07;DEMO-A606-2024-07-3;DEMO-C003;8
Демо-поставщик А;DEMO-A606;2024-07;DEMO-A606-2024-07-4;DEMO-C004;8
Демо-поставщик А;DEMO-A606;2024-08;DEMO-A606-2024-08-1;DEMO-C001;9
Демо-поставщик А;DEMO-A606;2024-08;DEMO-A606-2024-08-2;DEMO-C002;8
Демо-поставщик А;DEMO-A606;2024-08;DEMO-A606-2024-08-3;DEMO-C003;8
Демо-поставщик А;DEMO-A606;2024-08;DEMO-A606-2024-08-4;DEMO-C004;8
Демо-поставщик А;DEMO-A606;2024-09;DEMO-A606-2024-09-1;DEMO-C001;9
Демо-поставщик А;DEMO-A606;2024-09;DEMO-A606-2024-09-2;DEMO-C002;8
Демо-поставщик А;DEMO-A606;2024-09;DEMO-A606-2024-09-3;DEMO-C003;8
Демо-поставщик А;DEMO-A606;2024-09;DEMO-A606-2024-09-4;DEMO-C004;8
Демо-поставщик А;DEMO-A606;2024-10;DEMO-A606-2024-10-1;DEMO-C001;9
Демо-поставщик А;DEMO-A606;2024-10;DEMO-A606-2024-10-2;DEMO-C002;8
Демо-поставщик А;DEMO-A606;2024-10;DEMO-A606-2024-10-3;DEMO-C003;8
Демо-поставщик А;DEMO-A606;2024-10;DEMO-A606-2024-10-4;DEMO-C004;8
Демо-поставщик А;DEMO-A606;2024-11;DEMO-A606-2024-11-1;DEMO-C001;9
Демо-поставщик А;DEMO-A606;2024-11;DEMO-A606-2024-11-2;DEMO-C002;8
Демо-поставщик А;DEMO-A606;2024-11;DEMO-A606-2024-11-3;DEMO-C003;8
Демо-поставщик А;DEMO-A606;2024-11;DEMO-A606-2024-11-4;DEMO-C004;8
Демо-поставщик А;DEMO-A606;2024-12;DEMO-A606-2024-12-1;DEMO-C001;9
Демо-поставщик А;DEMO-A606;2024-12;DEMO-A606-2024-12-2;DEMO-C002;8
Демо-поставщик А;DEMO-A606;2024-12;DEMO-A606-2024-12-3;DEMO-C003;8
Демо-поставщик А;DEMO-A606;2024-12;DEMO-A606-2024-12-4;DEMO-C004;8
Демо-поставщик А;DEMO-A606;2025-01;DEMO-A606-2025-01-1;DEMO-C001;9
Демо-поставщик А;DEMO-A606;2025-01;DEMO-A606-2025-01-2;DEMO-C002;8
Демо-поставщик А;DEMO-A606;2025-01;DEMO-A606-2025-01-3;DEMO-C003;8
Демо-поставщик А;DEMO-A606;2025-01;DEMO-A606-2025-01-4;DEMO-C004;8
Демо-поставщик А;DEMO-A606;2025-02;DEMO-A606-2025-02-1;DEMO-C001;9
Демо-поставщик А;DEMO-A606;2025-02;DEMO-A606-2025-02-2;DEMO-C002;8
Демо-поставщик А;DEMO-A606;2025-02;DEMO-A606-2025-02-3;DEMO-C003;8
Демо-поставщик А;DEMO-A606;2025-02;DEMO-A606-2025-02-4;DEMO-C004;8
Демо-поставщик А;DEMO-A606;2025-03;DEMO-A606-2025-03-1;DEMO-C001;9
Демо-поставщик А;DEMO-A606;2025-03;DEMO-A606-2025-03-2;DEMO-C002;8
Демо-поставщик А;DEMO-A606;2025-03;DEMO-A606-2025-03-3;DEMO-C003;8
Демо-поставщик А;DEMO-A606;2025-03;DEMO-A606-2025-03-4;DEMO-C004;8
Демо-поставщик А;DEMO-A606;2025-04;DEMO-A606-2025-04-1;DEMO-C001;9
Демо-поставщик А;DEMO-A606;2025-04;DEMO-A606-2025-04-2;DEMO-C002;8
Демо-поставщик А;DEMO-A606;2025-04;DEMO-A606-2025-04-3;DEMO-C003;8
Демо-поставщик А;DEMO-A606;2025-04;DEMO-A606-2025-04-4;DEMO-C004;8
Демо-поставщик А;DEMO-A606;2025-05;DEMO-A606-2025-05-1;DEMO-C001;9
Демо-поставщик А;DEMO-A606;2025-05;DEMO-A606-2025-05-2;DEMO-C002;8
Демо-поставщик А;DEMO-A606;2025-05;DEMO-A606-2025-05-3;DEMO-C003;8
Демо-поставщик А;DEMO-A606;2025-05;DEMO-A606-2025-05-4;DEMO-C004;8
Демо-поставщик А;DEMO-A606;2025-06;DEMO-A606-2025-06-1;DEMO-C001;9
Демо-поставщик А;DEMO-A606;2025-06;DEMO-A606-2025-06-2;DEMO-C002;8
Демо-поставщик А;DEMO-A606;2025-06;DEMO-A606-2025-06-3;DEMO-C003;8
Демо-поставщик А;DEMO-A606;2025-06;DEMO-A606-2025-06-4;DEMO-C004;8
Демо-поставщик А;DEMO-A606;2025-07;DEMO-A606-2025-07-1;DEMO-C001;9
Демо-поставщик А;DEMO-A606;2025-07;DEMO-A606-2025-07-2;DEMO-C002;8
Демо-поставщик А;DEMO-A606;2025-07;DEMO-A606-2025-07-3;DEMO-C003;8
Демо-поставщик А;DEMO-A606;2025-07;DEMO-A606-2025-07-4;DEMO-C004;8
Демо-поставщик А;DEMO-A606;2025-08;DEMO-A606-2025-08-1;DEMO-C001;9
Демо-поставщик А;DEMO-A606;2025-08;DEMO-A606-2025-08-2;DEMO-C002;8
Демо-поставщик А;DEMO-A606;2025-08;DEMO-A606-2025-08-3;DEMO-C003;8
Демо-поставщик А;DEMO-A606;2025-08;DEMO-A606-2025-08-4;DEMO-C004;8
Демо-поставщик А;DEMO-A606;2025-09;DEMO-A606-2025-09-1;DEMO-C001;9
Демо-поставщик А;DEMO-A606;2025-09;DEMO-A606-2025-09-2;DEMO-C002;8
Демо-поставщик А;DEMO-A606;2025-09;DEMO-A606-2025-09-3;DEMO-C003;8
Демо-поставщик А;DEMO-A606;2025-09;DEMO-A606-2025-09-4;DEMO-C004;8
Демо-поставщик А;DEMO-A606;2025-10;DEMO-A606-2025-10-1;DEMO-C001;9
Демо-поставщик А;DEMO-A606;2025-10;DEMO-A606-2025-10-2;DEMO-C002;8
Демо-поставщик А;DEMO-A606;2025-10;DEMO-A606-2025-10-3;DEMO-C003;8
Демо-поставщик А;DEMO-A606;2025-10;DEMO-A606-2025-10-4;DEMO-C004;8
Демо-поставщик А;DEMO-A606;2025-11;DEMO-A606-2025-11-1;DEMO-C001;9
Демо-поставщик А;DEMO-A606;2025-11;DEMO-A606-2025-11-2;DEMO-C002;8
Демо-поставщик А;DEMO-A606;2025-11;DEMO-A606-2025-11-3;DEMO-C003;8
Демо-поставщик А;DEMO-A606;2025-11;DEMO-A606-2025-11-4;DEMO-C004;8
Демо-поставщик А;DEMO-A606;2025-12;DEMO-A606-2025-12-1;DEMO-C001;9
Демо-поставщик А;DEMO-A606;2025-12;DEMO-A606-2025-12-2;DEMO-C002;8
Демо-поставщик А;DEMO-A606;2025-12;DEMO-A606-2025-12-3;DEMO-C003;8
Демо-поставщик А;DEMO-A606;2025-12;DEMO-A606-2025-12-4;DEMO-C004;8
Демо-поставщик А;DEMO-A606;2026-01;DEMO-A606-2026-01-1;DEMO-C001;9
Демо-поставщик А;DEMO-A606;2026-01;DEMO-A606-2026-01-2;DEMO-C002;8
Демо-поставщик А;DEMO-A606;2026-01;DEMO-A606-2026-01-3;DEMO-C003;8
Демо-поставщик А;DEMO-A606;2026-01;DEMO-A606-2026-01-4;DEMO-C004;8
Демо-поставщик А;DEMO-A606;2026-02;DEMO-A606-2026-02-1;DEMO-C001;9
Демо-поставщик А;DEMO-A606;2026-02;DEMO-A606-2026-02-2;DEMO-C002;8
Демо-поставщик А;DEMO-A606;2026-02;DEMO-A606-2026-02-3;DEMO-C003;8
Демо-поставщик А;DEMO-A606;2026-02;DEMO-A606-2026-02-4;DEMO-C004;8
Демо-поставщик А;DEMO-A606;2026-03;DEMO-A606-2026-03-1;DEMO-C001;9
Демо-поставщик А;DEMO-A606;2026-03;DEMO-A606-2026-03-2;DEMO-C002;8
Демо-поставщик А;DEMO-A606;2026-03;DEMO-A606-2026-03-3;DEMO-C003;8
Демо-поставщик А;DEMO-A606;2026-03;DEMO-A606-2026-03-4;DEMO-C004;8
Демо-поставщик А;DEMO-A606;2026-04;DEMO-A606-2026-04-1;DEMO-C001;9
Демо-поставщик А;DEMO-A606;2026-04;DEMO-A606-2026-04-2;DEMO-C002;8
Демо-поставщик А;DEMO-A606;2026-04;DEMO-A606-2026-04-3;DEMO-C003;8
Демо-поставщик А;DEMO-A606;2026-04;DEMO-A606-2026-04-4;DEMO-C004;8
Демо-поставщик А;DEMO-A606;2026-05;DEMO-A606-2026-05-1;DEMO-C001;9
Демо-поставщик А;DEMO-A606;2026-05;DEMO-A606-2026-05-2;DEMO-C002;8
Демо-поставщик А;DEMO-A606;2026-05;DEMO-A606-2026-05-3;DEMO-C003;8
Демо-поставщик А;DEMO-A606;2026-05;DEMO-A606-2026-05-4;DEMO-C004;8
Демо-поставщик А;DEMO-A606;2026-06;DEMO-A606-2026-06-1;DEMO-C001;9
Демо-поставщик А;DEMO-A606;2026-06;DEMO-A606-2026-06-2;DEMO-C002;8
Демо-поставщик А;DEMO-A606;2026-06;DEMO-A606-2026-06-3;DEMO-C003;8
Демо-поставщик А;DEMO-A606;2026-06;DEMO-A606-2026-06-4;DEMO-C004;8
Демо-поставщик А;DEMO-A606;2026-07;DEMO-A606-2026-07-1;DEMO-C001;9
Демо-поставщик А;DEMO-A606;2026-07;DEMO-A606-2026-07-2;DEMO-C002;8
Демо-поставщик А;DEMO-A606;2026-07;DEMO-A606-2026-07-3;DEMO-C003;8
Демо-поставщик А;DEMO-A606;2026-07;DEMO-A606-2026-07-4;DEMO-C004;8
Демо-поставщик А;DEMO-A606;2026-08;DEMO-A606-2026-08-1;DEMO-C001;9
Демо-поставщик А;DEMO-A606;2026-08;DEMO-A606-2026-08-2;DEMO-C002;8
Демо-поставщик А;DEMO-A606;2026-08;DEMO-A606-2026-08-3;DEMO-C003;8
Демо-поставщик А;DEMO-A606;2026-08;DEMO-A606-2026-08-4;DEMO-C004;8
Демо-поставщик Б;DEMO-B840;2024-01;DEMO-B840-2024-01-1;DEMO-C001;2
Демо-поставщик Б;DEMO-B840;2024-01;DEMO-B840-2024-01-2;DEMO-C002;2
Демо-поставщик Б;DEMO-B840;2024-01;DEMO-B840-2024-01-3;DEMO-C003;1
Демо-поставщик Б;DEMO-B840;2024-01;DEMO-B840-2024-01-4;DEMO-C004;1
Демо-поставщик Б;DEMO-B840;2024-02;DEMO-B840-2024-02-1;DEMO-C001;2
Демо-поставщик Б;DEMO-B840;2024-02;DEMO-B840-2024-02-2;DEMO-C002;2
Демо-поставщик Б;DEMO-B840;2024-02;DEMO-B840-2024-02-3;DEMO-C003;1
Демо-поставщик Б;DEMO-B840;2024-02;DEMO-B840-2024-02-4;DEMO-C004;1
Демо-поставщик Б;DEMO-B840;2024-03;DEMO-B840-2024-03-1;DEMO-C001;2
Демо-поставщик Б;DEMO-B840;2024-03;DEMO-B840-2024-03-2;DEMO-C002;2
Демо-поставщик Б;DEMO-B840;2024-03;DEMO-B840-2024-03-3;DEMO-C003;1
Демо-поставщик Б;DEMO-B840;2024-03;DEMO-B840-2024-03-4;DEMO-C004;1
Демо-поставщик Б;DEMO-B840;2024-04;DEMO-B840-2024-04-1;DEMO-C001;2
Демо-поставщик Б;DEMO-B840;2024-04;DEMO-B840-2024-04-2;DEMO-C002;2
Демо-поставщик Б;DEMO-B840;2024-04;DEMO-B840-2024-04-3;DEMO-C003;1
Демо-поставщик Б;DEMO-B840;2024-04;DEMO-B840-2024-04-4;DEMO-C004;1
Демо-поставщик Б;DEMO-B840;2024-05;DEMO-B840-2024-05-1;DEMO-C001;2
Демо-поставщик Б;DEMO-B840;2024-05;DEMO-B840-2024-05-2;DEMO-C002;2
Демо-поставщик Б;DEMO-B840;2024-05;DEMO-B840-2024-05-3;DEMO-C003;1
Демо-поставщик Б;DEMO-B840;2024-05;DEMO-B840-2024-05-4;DEMO-C004;1
Демо-поставщик Б;DEMO-B840;2024-06;DEMO-B840-2024-06-1;DEMO-C001;2
Демо-поставщик Б;DEMO-B840;2024-06;DEMO-B840-2024-06-2;DEMO-C002;2
Демо-поставщик Б;DEMO-B840;2024-06;DEMO-B840-2024-06-3;DEMO-C003;1
Демо-поставщик Б;DEMO-B840;2024-06;DEMO-B840-2024-06-4;DEMO-C004;1
Демо-поставщик Б;DEMO-B840;2024-07;DEMO-B840-2024-07-1;DEMO-C001;2
Демо-поставщик Б;DEMO-B840;2024-07;DEMO-B840-2024-07-2;DEMO-C002;2
Демо-поставщик Б;DEMO-B840;2024-07;DEMO-B840-2024-07-3;DEMO-C003;1
Демо-поставщик Б;DEMO-B840;2024-07;DEMO-B840-2024-07-4;DEMO-C004;1
Демо-поставщик Б;DEMO-B840;2024-08;DEMO-B840-2024-08-1;DEMO-C001;2
Демо-поставщик Б;DEMO-B840;2024-08;DEMO-B840-2024-08-2;DEMO-C002;2
Демо-поставщик Б;DEMO-B840;2024-08;DEMO-B840-2024-08-3;DEMO-C003;1
Демо-поставщик Б;DEMO-B840;2024-08;DEMO-B840-2024-08-4;DEMO-C004;1
Демо-поставщик Б;DEMO-B840;2024-09;DEMO-B840-2024-09-1;DEMO-C001;2
Демо-поставщик Б;DEMO-B840;2024-09;DEMO-B840-2024-09-2;DEMO-C002;2
Демо-поставщик Б;DEMO-B840;2024-09;DEMO-B840-2024-09-3;DEMO-C003;1
Демо-поставщик Б;DEMO-B840;2024-09;DEMO-B840-2024-09-4;DEMO-C004;1
Демо-поставщик Б;DEMO-B840;2024-10;DEMO-B840-2024-10-1;DEMO-C001;2
Демо-поставщик Б;DEMO-B840;2024-10;DEMO-B840-2024-10-2;DEMO-C002;2
Демо-поставщик Б;DEMO-B840;2024-10;DEMO-B840-2024-10-3;DEMO-C003;1
Демо-поставщик Б;DEMO-B840;2024-10;DEMO-B840-2024-10-4;DEMO-C004;1
Демо-поставщик Б;DEMO-B840;2024-11;DEMO-B840-2024-11-1;DEMO-C001;2
Демо-поставщик Б;DEMO-B840;2024-11;DEMO-B840-2024-11-2;DEMO-C002;2
Демо-поставщик Б;DEMO-B840;2024-11;DEMO-B840-2024-11-3;DEMO-C003;1
Демо-поставщик Б;DEMO-B840;2024-11;DEMO-B840-2024-11-4;DEMO-C004;1
Демо-поставщик Б;DEMO-B840;2024-12;DEMO-B840-2024-12-1;DEMO-C001;2
Демо-поставщик Б;DEMO-B840;2024-12;DEMO-B840-2024-12-2;DEMO-C002;2
Демо-поставщик Б;DEMO-B840;2024-12;DEMO-B840-2024-12-3;DEMO-C003;1
Демо-поставщик Б;DEMO-B840;2024-12;DEMO-B840-2024-12-4;DEMO-C004;1
Демо-поставщик Б;DEMO-B840;2025-01;DEMO-B840-2025-01-1;DEMO-C001;2
Демо-поставщик Б;DEMO-B840;2025-01;DEMO-B840-2025-01-2;DEMO-C002;2
Демо-поставщик Б;DEMO-B840;2025-01;DEMO-B840-2025-01-3;DEMO-C003;1
Демо-поставщик Б;DEMO-B840;2025-01;DEMO-B840-2025-01-4;DEMO-C004;1
Демо-поставщик Б;DEMO-B840;2025-02;DEMO-B840-2025-02-1;DEMO-C001;2
Демо-поставщик Б;DEMO-B840;2025-02;DEMO-B840-2025-02-2;DEMO-C002;2
Демо-поставщик Б;DEMO-B840;2025-02;DEMO-B840-2025-02-3;DEMO-C003;1
Демо-поставщик Б;DEMO-B840;2025-02;DEMO-B840-2025-02-4;DEMO-C004;1
Демо-поставщик Б;DEMO-B840;2025-03;DEMO-B840-2025-03-1;DEMO-C001;2
Демо-поставщик Б;DEMO-B840;2025-03;DEMO-B840-2025-03-2;DEMO-C002;2
Демо-поставщик Б;DEMO-B840;2025-03;DEMO-B840-2025-03-3;DEMO-C003;1
Демо-поставщик Б;DEMO-B840;2025-03;DEMO-B840-2025-03-4;DEMO-C004;1
Демо-поставщик Б;DEMO-B840;2025-04;DEMO-B840-2025-04-1;DEMO-C001;2
Демо-поставщик Б;DEMO-B840;2025-04;DEMO-B840-2025-04-2;DEMO-C002;2
Демо-поставщик Б;DEMO-B840;2025-04;DEMO-B840-2025-04-3;DEMO-C003;1
Демо-поставщик Б;DEMO-B840;2025-04;DEMO-B840-2025-04-4;DEMO-C004;1
Демо-поставщик Б;DEMO-B840;2025-05;DEMO-B840-2025-05-1;DEMO-C001;2
Демо-поставщик Б;DEMO-B840;2025-05;DEMO-B840-2025-05-2;DEMO-C002;2
Демо-поставщик Б;DEMO-B840;2025-05;DEMO-B840-2025-05-3;DEMO-C003;1
Демо-поставщик Б;DEMO-B840;2025-05;DEMO-B840-2025-05-4;DEMO-C004;1
Демо-поставщик Б;DEMO-B840;2025-06;DEMO-B840-2025-06-1;DEMO-C001;2
Демо-поставщик Б;DEMO-B840;2025-06;DEMO-B840-2025-06-2;DEMO-C002;2
Демо-поставщик Б;DEMO-B840;2025-06;DEMO-B840-2025-06-3;DEMO-C003;1
Демо-поставщик Б;DEMO-B840;2025-06;DEMO-B840-2025-06-4;DEMO-C004;1
Демо-поставщик Б;DEMO-B840;2025-07;DEMO-B840-2025-07-1;DEMO-C001;2
Демо-поставщик Б;DEMO-B840;2025-07;DEMO-B840-2025-07-2;DEMO-C002;2
Демо-поставщик Б;DEMO-B840;2025-07;DEMO-B840-2025-07-3;DEMO-C003;1
Демо-поставщик Б;DEMO-B840;2025-07;DEMO-B840-2025-07-4;DEMO-C004;1
Демо-поставщик Б;DEMO-B840;2025-08;DEMO-B840-2025-08-1;DEMO-C001;2
Демо-поставщик Б;DEMO-B840;2025-08;DEMO-B840-2025-08-2;DEMO-C002;2
Демо-поставщик Б;DEMO-B840;2025-08;DEMO-B840-2025-08-3;DEMO-C003;1
Демо-поставщик Б;DEMO-B840;2025-08;DEMO-B840-2025-08-4;DEMO-C004;1
Демо-поставщик Б;DEMO-B840;2025-09;DEMO-B840-2025-09-1;DEMO-C001;2
Демо-поставщик Б;DEMO-B840;2025-09;DEMO-B840-2025-09-2;DEMO-C002;2
Демо-поставщик Б;DEMO-B840;2025-09;DEMO-B840-2025-09-3;DEMO-C003;1
Демо-поставщик Б;DEMO-B840;2025-09;DEMO-B840-2025-09-4;DEMO-C004;1
Демо-поставщик Б;DEMO-B840;2025-10;DEMO-B840-2025-10-1;DEMO-C001;2
Демо-поставщик Б;DEMO-B840;2025-10;DEMO-B840-2025-10-2;DEMO-C002;2
Демо-поставщик Б;DEMO-B840;2025-10;DEMO-B840-2025-10-3;DEMO-C003;1
Демо-поставщик Б;DEMO-B840;2025-10;DEMO-B840-2025-10-4;DEMO-C004;1
Демо-поставщик Б;DEMO-B840;2025-11;DEMO-B840-2025-11-1;DEMO-C001;2
Демо-поставщик Б;DEMO-B840;2025-11;DEMO-B840-2025-11-2;DEMO-C002;2
Демо-поставщик Б;DEMO-B840;2025-11;DEMO-B840-2025-11-3;DEMO-C003;1
Демо-поставщик Б;DEMO-B840;2025-11;DEMO-B840-2025-11-4;DEMO-C004;1
Демо-поставщик Б;DEMO-B840;2025-12;DEMO-B840-2025-12-1;DEMO-C001;2
Демо-поставщик Б;DEMO-B840;2025-12;DEMO-B840-2025-12-2;DEMO-C002;2
Демо-поставщик Б;DEMO-B840;2025-12;DEMO-B840-2025-12-3;DEMO-C003;1
Демо-поставщик Б;DEMO-B840;2025-12;DEMO-B840-2025-12-4;DEMO-C004;1
Демо-поставщик Б;DEMO-B840;2026-01;DEMO-B840-2026-01-1;DEMO-C001;2
Демо-поставщик Б;DEMO-B840;2026-01;DEMO-B840-2026-01-2;DEMO-C002;2
Демо-поставщик Б;DEMO-B840;2026-01;DEMO-B840-2026-01-3;DEMO-C003;1
Демо-поставщик Б;DEMO-B840;2026-01;DEMO-B840-2026-01-4;DEMO-C004;1
Демо-поставщик Б;DEMO-B840;2026-02;DEMO-B840-2026-02-1;DEMO-C001;2
Демо-поставщик Б;DEMO-B840;2026-02;DEMO-B840-2026-02-2;DEMO-C002;2
Демо-поставщик Б;DEMO-B840;2026-02;DEMO-B840-2026-02-3;DEMO-C003;1
Демо-поставщик Б;DEMO-B840;2026-02;DEMO-B840-2026-02-4;DEMO-C004;1
Демо-поставщик Б;DEMO-B840;2026-03;DEMO-B840-2026-03-1;DEMO-C001;2
Демо-поставщик Б;DEMO-B840;2026-03;DEMO-B840-2026-03-2;DEMO-C002;2
Демо-поставщик Б;DEMO-B840;2026-03;DEMO-B840-2026-03-3;DEMO-C003;1
Демо-поставщик Б;DEMO-B840;2026-03;DEMO-B840-2026-03-4;DEMO-C004;1
Демо-поставщик Б;DEMO-B840;2026-04;DEMO-B840-2026-04-1;DEMO-C001;2
Демо-поставщик Б;DEMO-B840;2026-04;DEMO-B840-2026-04-2;DEMO-C002;2
Демо-поставщик Б;DEMO-B840;2026-04;DEMO-B840-2026-04-3;DEMO-C003;1
Демо-поставщик Б;DEMO-B840;2026-04;DEMO-B840-2026-04-4;DEMO-C004;1
Демо-поставщик Б;DEMO-B840;2026-05;DEMO-B840-2026-05-1;DEMO-C001;2
Демо-поставщик Б;DEMO-B840;2026-05;DEMO-B840-2026-05-2;DEMO-C002;2
Демо-поставщик Б;DEMO-B840;2026-05;DEMO-B840-2026-05-3;DEMO-C003;1
Демо-поставщик Б;DEMO-B840;2026-05;DEMO-B840-2026-05-4;DEMO-C004;1
Демо-поставщик Б;DEMO-B840;2026-06;DEMO-B840-2026-06-1;DEMO-C001;2
Демо-поставщик Б;DEMO-B840;2026-06;DEMO-B840-2026-06-2;DEMO-C002;2
Демо-поставщик Б;DEMO-B840;2026-06;DEMO-B840-2026-06-3;DEMO-C003;1
Демо-поставщик Б;DEMO-B840;2026-06;DEMO-B840-2026-06-4;DEMO-C004;1
Демо-поставщик Б;DEMO-B840;2026-07;DEMO-B840-2026-07-1;DEMO-C001;2
Демо-поставщик Б;DEMO-B840;2026-07;DEMO-B840-2026-07-2;DEMO-C002;2
Демо-поставщик Б;DEMO-B840;2026-07;DEMO-B840-2026-07-3;DEMO-C003;1
Демо-поставщик Б;DEMO-B840;2026-07;DEMO-B840-2026-07-4;DEMO-C004;1
Демо-поставщик Б;DEMO-B840;2026-08;DEMO-B840-2026-08-1;DEMO-C001;2
Демо-поставщик Б;DEMO-B840;2026-08;DEMO-B840-2026-08-2;DEMO-C002;2
Демо-поставщик Б;DEMO-B840;2026-08;DEMO-B840-2026-08-3;DEMO-C003;1
Демо-поставщик Б;DEMO-B840;2026-08;DEMO-B840-2026-08-4;DEMO-C004;1
